,,origin,destination,airline,railway,ship,bus,car,all
1,1,稚内,稚内,0,0,0,0,0,0
1,2,稚内,釧路,0,1,0,3,524,527
1,3,稚内,函館,0,3,0,0,0,2
1,4,稚内,旭川,0,0,0,0,0,0
1,5,稚内,帯広,0,0,0,0,733,734
1,6,稚内,根室中標津,0,0,0,0,216,216
1,7,稚内,女満別,0,0,0,0,0,0
1,8,稚内,新千歳,20,60,0,99,376,644
1,9,稚内,青森,0,1,0,0,0,7
1,10,稚内,三沢,0,0,0,0,0,0
1,11,稚内,花巻,0,0,0,0,0,1
1,12,稚内,仙台,1,0,0,0,0,4
1,13,稚内,秋田,0,0,0,0,0,1
1,14,稚内,大館,0,0,0,0,0,0
1,15,稚内,山形,0,0,0,0,0,0
1,16,稚内,庄内,0,0,0,0,0,0
1,17,稚内,福島,0,0,0,0,0,0
1,18,稚内,羽田,44,3,0,1,8,164
1,19,稚内,八丈島,0,0,0,0,0,0
1,20,稚内,新潟,0,0,0,0,0,0
1,21,稚内,富山,1,0,0,0,0,0
1,22,稚内,小松,0,0,0,0,0,1
1,23,稚内,松本,0,0,0,0,0,3
1,24,稚内,名古屋,6,0,1,0,0,31
1,25,稚内,関西国際,13,0,0,1,0,49
1,26,稚内,鳥取,0,0,0,0,0,0
1,27,稚内,米子,0,0,0,0,0,0
1,28,稚内,出雲,0,0,0,0,0,0
1,29,稚内,石見,0,0,0,0,0,0
1,30,稚内,岡山,0,0,0,0,0,1
1,31,稚内,広島,1,0,0,0,0,2
1,32,稚内,山口宇部,0,0,0,0,0,0
1,33,稚内,徳島,0,0,0,0,0,1
1,34,稚内,高松,0,0,0,0,0,1
1,35,稚内,松山,0,0,0,0,0,0
1,36,稚内,高知,0,0,0,0,0,0
1,37,稚内,福岡,0,0,0,0,0,3
1,38,稚内,長崎,0,0,0,0,0,2
1,39,稚内,五島福江,0,0,0,0,0,0
1,40,稚内,対馬,0,0,0,0,0,0
1,41,稚内,熊本,0,0,0,0,0,1
1,42,稚内,大分,1,0,0,0,0,0
1,43,稚内,宮崎,0,0,1,0,0,3
1,44,稚内,鹿児島,0,0,0,0,0,4
1,45,稚内,奄美大島,0,0,0,0,0,0
1,46,稚内,那覇,0,0,0,0,0,4
1,47,稚内,石垣島,0,0,0,0,0,0
2,1,釧路,稚内,0,1,0,0,0,0
2,2,釧路,釧路,0,0,0,0,21,22
2,3,釧路,函館,5,7,0,0,1,1
2,4,釧路,旭川,1,5,0,0,0,0
2,5,釧路,帯広,0,0,0,1,565,567
2,6,釧路,根室中標津,0,0,0,0,11,11
2,7,釧路,女満別,0,0,0,0,0,0
2,8,釧路,新千歳,44,287,0,44,1322,1391
2,9,釧路,青森,0,5,0,0,0,0
2,10,釧路,三沢,1,2,0,0,0,0
2,11,釧路,花巻,1,2,1,0,0,0
2,12,釧路,仙台,4,1,2,0,0,0
2,13,釧路,秋田,1,1,0,0,0,0
2,14,釧路,大館,0,0,0,0,0,0
2,15,釧路,山形,3,0,0,0,0,0
2,16,釧路,庄内,0,0,0,0,0,0
2,17,釧路,福島,0,0,0,0,0,0
2,18,釧路,羽田,187,9,2,0,0,26
2,19,釧路,八丈島,0,0,0,0,0,0
2,20,釧路,新潟,5,2,0,0,0,0
2,21,釧路,富山,0,0,0,0,0,0
2,22,釧路,小松,1,1,0,0,0,0
2,23,釧路,松本,0,0,0,0,0,0
2,24,釧路,名古屋,12,2,1,0,0,1
2,25,釧路,関西国際,25,3,0,0,0,8
2,26,釧路,鳥取,0,0,0,0,0,0
2,27,釧路,米子,0,0,0,0,0,0
2,28,釧路,出雲,0,0,0,0,0,0
2,29,釧路,石見,0,0,0,0,0,0
2,30,釧路,岡山,1,0,0,0,0,0
2,31,釧路,広島,2,1,0,0,0,0
2,32,釧路,山口宇部,4,0,0,0,0,0
2,33,釧路,徳島,2,0,0,0,0,0
2,34,釧路,高松,0,0,0,0,0,0
2,35,釧路,松山,0,0,0,0,0,0
2,36,釧路,高知,2,0,0,0,0,0
2,37,釧路,福岡,7,1,0,0,0,0
2,38,釧路,長崎,2,0,0,0,0,0
2,39,釧路,五島福江,0,0,0,0,0,1
2,40,釧路,対馬,0,0,0,0,0,0
2,41,釧路,熊本,0,0,0,0,0,1
2,42,釧路,大分,7,0,0,0,0,0
2,43,釧路,宮崎,1,0,0,0,0,0
2,44,釧路,鹿児島,1,0,0,0,0,0
2,45,釧路,奄美大島,0,0,0,0,0,0
2,46,釧路,那覇,8,0,0,0,0,1
2,47,釧路,石垣島,0,0,0,0,0,0
3,1,函館,稚内,0,3,0,0,0,4
3,2,函館,釧路,5,7,0,0,30,42
3,3,函館,函館,0,0,0,0,65,66
3,4,函館,旭川,5,16,0,0,22,42
3,5,函館,帯広,0,10,0,0,165,176
3,6,函館,根室中標津,0,0,0,0,1,1
3,7,函館,女満別,1,1,0,0,35,37
3,8,函館,新千歳,52,614,1,48,2276,2966
3,9,函館,青森,0,177,26,0,4,206
3,10,函館,三沢,0,52,11,0,0,60
3,11,函館,花巻,0,27,1,0,4,33
3,12,函館,仙台,1,22,0,0,0,26
3,13,函館,秋田,0,9,0,0,4,13
3,14,函館,大館,0,6,1,0,0,6
3,15,函館,山形,0,2,0,1,0,4
3,16,函館,庄内,0,0,0,0,0,0
3,17,函館,福島,0,6,0,0,0,5
3,18,函館,羽田,404,77,1,42,35,576
3,19,函館,八丈島,0,0,0,0,0,0
3,20,函館,新潟,1,1,0,0,0,3
3,21,函館,富山,2,0,0,0,0,2
3,22,函館,小松,3,0,0,0,0,3
3,23,函館,松本,0,0,0,0,0,0
3,24,函館,名古屋,51,3,1,2,4,65
3,25,函館,関西国際,65,13,0,6,5,96
3,26,函館,鳥取,0,0,0,0,0,0
3,27,函館,米子,0,0,0,0,0,0
3,28,函館,出雲,0,0,0,0,0,0
3,29,函館,石見,0,0,0,0,0,0
3,30,函館,岡山,2,1,0,0,0,3
3,31,函館,広島,3,0,0,0,0,4
3,32,函館,山口宇部,2,0,0,1,0,3
3,33,函館,徳島,5,0,0,0,0,6
3,34,函館,高松,5,0,0,0,0,6
3,35,函館,松山,2,0,0,0,0,2
3,36,函館,高知,0,0,0,0,0,0
3,37,函館,福岡,12,4,0,1,0,18
3,38,函館,長崎,1,0,0,0,0,2
3,39,函館,五島福江,0,0,0,0,0,0
3,40,函館,対馬,0,0,0,0,0,0
3,41,函館,熊本,6,1,0,0,1,8
3,42,函館,大分,2,0,0,0,0,2
3,43,函館,宮崎,4,0,0,0,0,4
3,44,函館,鹿児島,5,0,0,0,0,5
3,45,函館,奄美大島,0,0,0,0,0,0
3,46,函館,那覇,25,0,0,0,0,25
3,47,函館,石垣島,1,0,0,0,0,1
4,1,旭川,稚内,0,0,0,0,0,0
4,2,旭川,釧路,1,5,0,0,80,80
4,3,旭川,函館,5,16,0,0,0,0
4,4,旭川,旭川,0,0,0,0,0,0
4,5,旭川,帯広,0,4,0,0,0,0
4,6,旭川,根室中標津,0,1,0,0,34,34
4,7,旭川,女満別,0,0,0,0,0,0
4,8,旭川,新千歳,8,994,0,35,240,315
4,9,旭川,青森,1,3,0,0,0,0
4,10,旭川,三沢,0,3,0,0,0,0
4,11,旭川,花巻,2,3,0,0,0,0
4,12,旭川,仙台,9,3,0,0,0,1
4,13,旭川,秋田,1,2,1,0,0,0
4,14,旭川,大館,0,0,0,0,0,0
4,15,旭川,山形,1,1,0,0,0,0
4,16,旭川,庄内,0,0,0,0,0,0
4,17,旭川,福島,1,0,0,0,0,0
4,18,旭川,羽田,327,24,3,0,0,29
4,19,旭川,八丈島,0,0,0,0,0,0
4,20,旭川,新潟,2,1,0,0,0,0
4,21,旭川,富山,0,0,0,0,0,0
4,22,旭川,小松,4,2,5,1,0,1
4,23,旭川,松本,2,0,0,0,0,0
4,24,旭川,名古屋,29,10,1,0,5,8
4,25,旭川,関西国際,69,19,3,0,0,4
4,26,旭川,鳥取,0,0,0,0,0,0
4,27,旭川,米子,0,0,0,0,0,0
4,28,旭川,出雲,0,0,0,0,0,0
4,29,旭川,石見,0,0,0,0,0,0
4,30,旭川,岡山,2,0,0,0,0,0
4,31,旭川,広島,5,1,0,0,0,0
4,32,旭川,山口宇部,0,0,0,0,0,0
4,33,旭川,徳島,2,1,0,0,0,0
4,34,旭川,高松,0,0,0,0,0,0
4,35,旭川,松山,1,0,0,0,0,0
4,36,旭川,高知,1,0,0,0,0,0
4,37,旭川,福岡,9,1,0,0,0,1
4,38,旭川,長崎,2,1,0,0,0,1
4,39,旭川,五島福江,0,0,0,0,0,0
4,40,旭川,対馬,0,0,0,0,0,0
4,41,旭川,熊本,2,0,0,0,0,0
4,42,旭川,大分,1,0,0,0,0,0
4,43,旭川,宮崎,1,0,0,0,0,0
4,44,旭川,鹿児島,3,2,0,0,0,0
4,45,旭川,奄美大島,0,0,0,0,0,0
4,46,旭川,那覇,18,0,0,0,0,1
4,47,旭川,石垣島,0,0,0,0,0,0
5,1,帯広,稚内,1,0,0,0,0,1
5,2,帯広,釧路,0,0,0,0,0,0
5,3,帯広,函館,0,10,0,1,3,16
5,4,帯広,旭川,0,4,0,2,48,55
5,5,帯広,帯広,0,0,0,0,0,0
5,6,帯広,根室中標津,0,0,0,0,0,0
5,7,帯広,女満別,0,1,0,5,554,558
5,8,帯広,新千歳,1,429,0,14,331,677
5,9,帯広,青森,0,2,0,1,1,8
5,10,帯広,三沢,0,5,0,0,0,3
5,11,帯広,花巻,1,0,0,1,0,4
5,12,帯広,仙台,5,2,0,0,2,9
5,13,帯広,秋田,2,1,0,0,2,4
5,14,帯広,大館,0,0,0,0,0,0
5,15,帯広,山形,2,0,0,0,1,5
5,16,帯広,庄内,0,1,0,0,0,0
5,17,帯広,福島,1,0,0,0,0,0
5,18,帯広,羽田,182,12,1,29,45,273
5,19,帯広,八丈島,0,0,0,0,0,0
5,20,帯広,新潟,2,1,1,0,2,10
5,21,帯広,富山,0,0,0,0,0,1
5,22,帯広,小松,1,1,0,1,0,3
5,23,帯広,松本,0,0,0,0,0,0
5,24,帯広,名古屋,25,8,0,0,4,21
5,25,帯広,関西国際,39,7,0,13,13,52
5,26,帯広,鳥取,0,0,0,0,1,1
5,27,帯広,米子,0,0,0,0,0,0
5,28,帯広,出雲,0,0,0,0,0,0
5,29,帯広,石見,0,0,0,0,0,0
5,30,帯広,岡山,0,1,0,0,0,1
5,31,帯広,広島,6,0,0,0,0,3
5,32,帯広,山口宇部,1,3,0,0,0,4
5,33,帯広,徳島,2,0,0,0,0,2
5,34,帯広,高松,1,0,0,1,1,2
5,35,帯広,松山,0,0,0,0,0,0
5,36,帯広,高知,0,0,0,0,0,2
5,37,帯広,福岡,5,4,0,0,0,10
5,38,帯広,長崎,1,0,0,0,1,3
5,39,帯広,五島福江,0,0,0,0,0,0
5,40,帯広,対馬,0,0,0,0,0,0
5,41,帯広,熊本,1,0,0,0,0,1
5,42,帯広,大分,1,0,0,0,0,8
5,43,帯広,宮崎,0,1,0,0,0,2
5,44,帯広,鹿児島,1,0,0,0,0,2
5,45,帯広,奄美大島,0,0,0,0,0,0
5,46,帯広,那覇,10,0,0,0,0,9
5,47,帯広,石垣島,1,0,0,0,0,0
6,1,根室中標津,稚内,0,0,0,0,7,8
6,2,根室中標津,釧路,0,0,0,0,0,0
6,3,根室中標津,函館,0,0,0,0,11,21
6,4,根室中標津,旭川,0,1,0,9,329,342
6,5,根室中標津,帯広,0,0,0,0,0,0
6,6,根室中標津,根室中標津,0,0,0,0,0,0
6,7,根室中標津,女満別,0,0,0,0,1038,1038
6,8,根室中標津,新千歳,35,22,0,42,2078,2552
6,9,根室中標津,青森,0,0,0,0,0,2
6,10,根室中標津,三沢,0,1,0,0,0,6
6,11,根室中標津,花巻,1,0,0,0,0,1
6,12,根室中標津,仙台,0,0,0,0,0,8
6,13,根室中標津,秋田,0,0,0,0,0,3
6,14,根室中標津,大館,0,0,0,0,0,0
6,15,根室中標津,山形,0,0,0,0,0,2
6,16,根室中標津,庄内,0,0,0,0,0,1
6,17,根室中標津,福島,0,0,0,0,4,4
6,18,根室中標津,羽田,41,1,0,0,0,197
6,19,根室中標津,八丈島,0,0,0,0,0,0
6,20,根室中標津,新潟,0,0,0,0,0,4
6,21,根室中標津,富山,0,0,0,0,0,0
6,22,根室中標津,小松,0,0,0,0,0,2
6,23,根室中標津,松本,0,0,0,1,0,1
6,24,根室中標津,名古屋,1,0,0,0,0,34
6,25,根室中標津,関西国際,3,0,0,0,0,47
6,26,根室中標津,鳥取,0,0,0,0,0,0
6,27,根室中標津,米子,0,0,0,0,0,0
6,28,根室中標津,出雲,0,0,0,0,0,0
6,29,根室中標津,石見,0,0,0,0,0,0
6,30,根室中標津,岡山,0,0,0,0,0,1
6,31,根室中標津,広島,1,0,0,0,0,7
6,32,根室中標津,山口宇部,0,0,0,0,0,4
6,33,根室中標津,徳島,1,0,0,0,0,2
6,34,根室中標津,高松,0,0,0,0,0,1
6,35,根室中標津,松山,0,0,0,0,0,0
6,36,根室中標津,高知,0,0,0,0,0,0
6,37,根室中標津,福岡,1,0,0,0,0,7
6,38,根室中標津,長崎,0,0,0,0,0,1
6,39,根室中標津,五島福江,0,0,0,0,0,0
6,40,根室中標津,対馬,0,0,0,0,0,0
6,41,根室中標津,熊本,0,0,0,0,0,1
6,42,根室中標津,大分,0,0,0,0,0,1
6,43,根室中標津,宮崎,0,0,0,0,0,1
6,44,根室中標津,鹿児島,0,0,0,0,0,1
6,45,根室中標津,奄美大島,0,0,0,0,0,0
6,46,根室中標津,那覇,0,0,0,0,0,10
6,47,根室中標津,石垣島,0,0,0,0,0,1
7,1,女満別,稚内,0,0,0,0,0,0
7,2,女満別,釧路,0,0,0,4,32,41
7,3,女満別,函館,1,1,0,1,15,34
7,4,女満別,旭川,0,0,0,0,0,0
7,5,女満別,帯広,0,1,0,13,148,166
7,6,女満別,根室中標津,0,0,0,0,11,12
7,7,女満別,女満別,0,0,0,0,0,0
7,8,女満別,新千歳,46,160,0,234,6139,7302
7,9,女満別,青森,0,7,0,0,0,3
7,10,女満別,三沢,0,0,0,0,0,3
7,11,女満別,花巻,1,0,0,0,1,7
7,12,女満別,仙台,3,1,0,0,1,15
7,13,女満別,秋田,1,0,0,1,0,4
7,14,女満別,大館,0,0,0,0,0,0
7,15,女満別,山形,0,0,0,1,1,3
7,16,女満別,庄内,0,0,0,0,0,0
7,17,女満別,福島,0,0,0,0,0,1
7,18,女満別,羽田,182,1,0,43,93,488
7,19,女満別,八丈島,0,0,0,0,0,0
7,20,女満別,新潟,0,0,0,1,1,5
7,21,女満別,富山,0,0,0,0,1,1
7,22,女満別,小松,1,0,0,1,2,15
7,23,女満別,松本,0,0,3,0,0,2
7,24,女満別,名古屋,34,0,0,3,5,47
7,25,女満別,関西国際,48,1,1,9,11,115
7,26,女満別,鳥取,0,0,0,0,0,0
7,27,女満別,米子,0,0,0,0,0,0
7,28,女満別,出雲,0,0,0,0,0,0
7,29,女満別,石見,0,0,0,0,0,0
7,30,女満別,岡山,1,0,0,0,1,3
7,31,女満別,広島,2,0,0,0,0,6
7,32,女満別,山口宇部,0,0,0,0,0,0
7,33,女満別,徳島,1,0,0,0,0,3
7,34,女満別,高松,1,0,0,0,0,0
7,35,女満別,松山,0,0,0,0,0,1
7,36,女満別,高知,0,0,0,0,0,1
7,37,女満別,福岡,4,0,0,0,1,10
7,38,女満別,長崎,2,0,1,0,1,4
7,39,女満別,五島福江,0,0,0,0,0,0
7,40,女満別,対馬,0,0,0,0,0,0
7,41,女満別,熊本,1,0,0,0,0,2
7,42,女満別,大分,0,0,0,0,0,2
7,43,女満別,宮崎,3,0,0,0,0,1
7,44,女満別,鹿児島,4,0,0,0,2,9
7,45,女満別,奄美大島,0,0,0,0,0,0
7,46,女満別,那覇,4,0,0,0,0,19
7,47,女満別,石垣島,0,0,0,0,0,0
8,1,新千歳,稚内,19,60,0,21,236,339
8,2,新千歳,釧路,42,287,0,18,330,679
8,3,新千歳,函館,51,614,1,49,2094,2815
8,4,新千歳,旭川,8,994,0,204,6121,7330
8,5,新千歳,帯広,1,429,0,44,1836,2310
8,6,新千歳,根室中標津,35,22,0,22,42,122
8,7,新千歳,女満別,48,160,0,117,1348,1675
8,8,新千歳,新千歳,0,80,0,183,2545,2998
8,9,新千歳,青森,29,37,11,1,11,94
8,10,新千歳,三沢,7,23,37,0,0,69
8,11,新千歳,花巻,37,13,7,2,4,64
8,12,新千歳,仙台,262,11,21,0,58,353
8,13,新千歳,秋田,33,4,8,0,5,53
8,14,新千歳,大館,2,1,7,0,0,10
8,15,新千歳,山形,16,1,2,2,8,29
8,16,新千歳,庄内,8,0,0,0,0,8
8,17,新千歳,福島,30,4,0,2,0,36
8,18,新千歳,羽田,4020,233,28,271,227,4828
8,19,新千歳,八丈島,1,0,0,0,0,1
8,20,新千歳,新潟,64,4,12,0,0,78
8,21,新千歳,富山,34,1,2,2,1,40
8,22,新千歳,小松,44,4,0,1,3,53
8,23,新千歳,松本,17,0,0,0,0,17
8,24,新千歳,名古屋,483,39,8,8,28,574
8,25,新千歳,関西国際,1053,74,11,50,82,1273
8,26,新千歳,鳥取,6,0,0,0,0,6
8,27,新千歳,米子,4,0,0,0,0,4
8,28,新千歳,出雲,16,2,0,1,1,20
8,29,新千歳,石見,0,0,0,0,0,0
8,30,新千歳,岡山,60,4,1,1,1,67
8,31,新千歳,広島,82,2,1,0,1,87
8,32,新千歳,山口宇部,31,2,0,1,4,38
8,33,新千歳,徳島,18,0,0,1,1,22
8,34,新千歳,高松,29,2,0,1,0,31
8,35,新千歳,松山,46,3,1,0,0,49
8,36,新千歳,高知,14,0,0,0,0,15
8,37,新千歳,福岡,194,8,0,2,1,206
8,38,新千歳,長崎,27,3,0,1,1,32
8,39,新千歳,五島福江,1,0,0,0,0,0
8,40,新千歳,対馬,0,0,0,0,0,0
8,41,新千歳,熊本,31,1,1,1,1,34
8,42,新千歳,大分,20,1,0,2,2,26
8,43,新千歳,宮崎,14,0,0,0,0,16
8,44,新千歳,鹿児島,33,0,0,0,0,31
8,45,新千歳,奄美大島,3,0,0,0,0,3
8,46,新千歳,那覇,71,0,0,0,0,68
8,47,新千歳,石垣島,10,0,0,0,0,10
9,1,青森,稚内,0,0,0,0,0,0
9,2,青森,釧路,3,4,0,0,0,3
9,3,青森,函館,0,177,8,0,0,60
9,4,青森,旭川,1,4,0,0,0,4
9,5,青森,帯広,0,2,0,0,0,5
9,6,青森,根室中標津,0,0,0,0,0,2
9,7,青森,女満別,0,7,0,0,0,0
9,8,青森,新千歳,29,37,11,1,347,442
9,9,青森,青森,0,0,0,0,0,2
9,10,青森,三沢,0,0,0,0,0,3
9,11,青森,花巻,0,85,0,6,3862,4018
9,12,青森,仙台,0,183,0,22,233,533
9,13,青森,秋田,0,27,0,2,127,148
9,14,青森,大館,0,5,0,0,129,129
9,15,青森,山形,3,7,0,0,8,19
9,16,青森,庄内,0,4,0,0,2,10
9,17,青森,福島,0,18,0,0,9,18
9,18,青森,羽田,227,319,0,5,84,864
9,19,青森,八丈島,0,0,0,0,0,0
9,20,青森,新潟,0,8,0,0,5,7
9,21,青森,富山,0,1,0,0,1,8
9,22,青森,小松,2,2,0,0,0,3
9,23,青森,松本,0,0,0,0,0,2
9,24,青森,名古屋,37,13,0,0,69,94
9,25,青森,関西国際,57,8,0,0,3,56
9,26,青森,鳥取,0,0,0,0,0,0
9,27,青森,米子,0,0,0,0,0,0
9,28,青森,出雲,1,0,0,0,0,1
9,29,青森,石見,0,0,0,0,0,0
9,30,青森,岡山,2,2,0,0,0,4
9,31,青森,広島,14,0,0,0,0,2
9,32,青森,山口宇部,1,0,0,0,1,1
9,33,青森,徳島,1,0,0,0,0,3
9,34,青森,高松,0,0,0,0,0,1
9,35,青森,松山,2,0,0,0,0,2
9,36,青森,高知,1,0,0,0,0,0
9,37,青森,福岡,16,8,0,0,2,9
9,38,青森,長崎,1,3,0,0,1,2
9,39,青森,五島福江,0,0,0,0,0,0
9,40,青森,対馬,0,0,0,0,0,0
9,41,青森,熊本,6,1,0,0,0,1
9,42,青森,大分,2,0,0,0,0,1
9,43,青森,宮崎,0,0,0,0,0,0
9,44,青森,鹿児島,1,0,0,0,0,2
9,45,青森,奄美大島,0,0,0,0,0,0
9,46,青森,那覇,6,0,0,0,0,6
9,47,青森,石垣島,0,0,0,0,0,0
10,1,三沢,稚内,0,0,0,0,0,0
10,2,三沢,釧路,1,2,0,1,1,9
10,3,三沢,函館,0,52,31,0,0,186
10,4,三沢,旭川,0,3,0,0,0,5
10,5,三沢,帯広,0,5,0,0,0,2
10,6,三沢,根室中標津,0,2,0,0,0,0
10,7,三沢,女満別,0,0,0,0,0,7
10,8,三沢,新千歳,7,22,43,1,8,88
10,9,三沢,青森,0,0,0,0,0,0
10,10,三沢,三沢,0,0,0,0,0,0
10,11,三沢,花巻,0,153,0,38,718,844
10,12,三沢,仙台,0,302,0,89,296,570
10,13,三沢,秋田,0,20,0,0,697,724
10,14,三沢,大館,0,0,0,1,719,724
10,15,三沢,山形,0,11,0,9,10,29
10,16,三沢,庄内,0,7,0,0,85,90
10,17,三沢,福島,0,8,0,6,143,167
10,18,三沢,羽田,73,758,0,106,161,817
10,19,三沢,八丈島,0,0,0,0,0,0
10,20,三沢,新潟,0,5,0,0,4,13
10,21,三沢,富山,2,5,0,0,0,2
10,22,三沢,小松,0,3,0,0,0,4
10,23,三沢,松本,0,1,0,0,58,58
10,24,三沢,名古屋,0,25,0,7,202,262
10,25,三沢,関西国際,35,22,0,17,11,92
10,26,三沢,鳥取,0,0,0,0,0,0
10,27,三沢,米子,0,0,0,0,0,0
10,28,三沢,出雲,2,0,0,0,0,2
10,29,三沢,石見,0,0,0,0,0,0
10,30,三沢,岡山,0,4,0,1,0,5
10,31,三沢,広島,1,3,0,0,2,18
10,32,三沢,山口宇部,0,0,0,0,0,2
10,33,三沢,徳島,1,1,0,2,0,3
10,34,三沢,高松,1,1,0,0,0,1
10,35,三沢,松山,2,0,0,0,0,2
10,36,三沢,高知,1,0,0,0,1,3
10,37,三沢,福岡,8,1,0,0,0,25
10,38,三沢,長崎,1,0,0,3,0,8
10,39,三沢,五島福江,0,0,0,0,0,0
10,40,三沢,対馬,0,0,0,0,0,0
10,41,三沢,熊本,1,0,0,0,0,7
10,42,三沢,大分,1,0,0,0,0,3
10,43,三沢,宮崎,1,0,0,0,0,0
10,44,三沢,鹿児島,1,0,0,0,0,1
10,45,三沢,奄美大島,0,0,0,0,0,0
10,46,三沢,那覇,5,0,0,0,0,7
10,47,三沢,石垣島,0,0,0,0,0,0
11,1,花巻,稚内,0,0,0,0,0,0
11,2,花巻,釧路,1,1,0,1,0,3
11,3,花巻,函館,0,27,2,0,4,55
11,4,花巻,旭川,2,3,0,0,1,7
11,5,花巻,帯広,1,0,1,0,0,2
11,6,花巻,根室中標津,1,0,0,0,0,2
11,7,花巻,女満別,1,0,0,0,0,1
11,8,花巻,新千歳,38,13,7,1,4,62
11,9,花巻,青森,0,85,0,38,762,889
11,10,花巻,三沢,0,153,0,4,3948,4102
11,11,花巻,花巻,0,0,0,0,42,45
11,12,花巻,仙台,0,812,0,246,7025,8080
11,13,花巻,秋田,0,104,0,2,2154,2260
11,14,花巻,大館,0,1,0,31,506,537
11,15,花巻,山形,0,31,0,11,160,202
11,16,花巻,庄内,0,0,0,4,61,65
11,17,花巻,福島,0,37,0,2,92,131
11,18,花巻,羽田,1,1629,0,69,508,2176
11,19,花巻,八丈島,0,0,0,0,0,0
11,20,花巻,新潟,0,17,7,4,27,57
11,21,花巻,富山,0,4,0,0,29,33
11,22,花巻,小松,2,3,0,2,2,10
11,23,花巻,松本,0,0,0,0,0,0
11,24,花巻,名古屋,12,64,0,3,26,106
11,25,花巻,関西国際,74,48,0,16,20,161
11,26,花巻,鳥取,0,0,0,0,0,0
11,27,花巻,米子,0,0,0,0,0,0
11,28,花巻,出雲,0,0,0,0,0,2
11,29,花巻,石見,0,0,0,0,0,0
11,30,花巻,岡山,0,2,0,0,70,74
11,31,花巻,広島,2,6,0,0,2,12
11,32,花巻,山口宇部,0,0,0,0,0,1
11,33,花巻,徳島,2,1,0,0,0,4
11,34,花巻,高松,1,1,0,0,0,2
11,35,花巻,松山,1,4,0,0,0,5
11,36,花巻,高知,0,0,0,0,0,1
11,37,花巻,福岡,8,11,0,0,2,21
11,38,花巻,長崎,1,1,0,0,1,3
11,39,花巻,五島福江,0,0,0,0,0,0
11,40,花巻,対馬,0,0,0,0,0,0
11,41,花巻,熊本,2,1,0,0,0,3
11,42,花巻,大分,4,1,0,3,0,7
11,43,花巻,宮崎,0,1,0,0,0,2
11,44,花巻,鹿児島,1,0,0,0,1,3
11,45,花巻,奄美大島,0,0,0,0,0,0
11,46,花巻,那覇,4,1,0,0,1,5
11,47,花巻,石垣島,1,0,0,0,0,1
12,1,仙台,稚内,1,0,0,0,0,2
12,2,仙台,釧路,5,3,1,0,0,9
12,3,仙台,函館,1,22,0,1,0,26
12,4,仙台,旭川,9,4,0,1,2,15
12,5,仙台,帯広,5,2,0,0,0,8
12,6,仙台,根室中標津,0,0,0,0,0,0
12,7,仙台,女満別,4,1,0,0,0,5
12,8,仙台,新千歳,264,11,23,3,81,371
12,9,仙台,青森,0,182,0,80,430,696
12,10,仙台,三沢,0,302,0,14,272,579
12,11,仙台,花巻,0,812,0,275,5937,7008
12,12,仙台,仙台,8,786,0,699,13519,15026
12,13,仙台,秋田,0,248,0,93,2301,2643
12,14,仙台,大館,0,12,0,16,218,247
12,15,仙台,山形,0,11,0,383,4913,5307
12,16,仙台,庄内,0,3,0,67,641,711
12,17,仙台,福島,0,447,0,145,2454,3050
12,18,仙台,羽田,29,6402,0,316,4919,11462
12,19,仙台,八丈島,3,0,0,0,0,0
12,20,仙台,新潟,0,41,11,71,1340,1529
12,21,仙台,富山,1,12,0,1,69,84
12,22,仙台,小松,11,20,0,4,18,53
12,23,仙台,松本,0,32,0,0,19,49
12,24,仙台,名古屋,93,188,5,13,70,369
12,25,仙台,関西国際,409,205,0,49,217,862
12,26,仙台,鳥取,2,3,0,0,0,4
12,27,仙台,米子,0,1,0,0,0,6
12,28,仙台,出雲,3,7,0,2,1,14
12,29,仙台,石見,0,0,0,0,0,0
12,30,仙台,岡山,6,14,0,5,1,24
12,31,仙台,広島,28,35,1,2,5,75
12,32,仙台,山口宇部,5,16,0,1,3,22
12,33,仙台,徳島,3,2,0,0,2,6
12,34,仙台,高松,11,19,0,0,1,26
12,35,仙台,松山,13,7,0,0,0,19
12,36,仙台,高知,5,3,0,1,0,10
12,37,仙台,福岡,85,34,0,2,7,122
12,38,仙台,長崎,10,12,0,2,4,25
12,39,仙台,五島福江,0,0,0,0,0,0
12,40,仙台,対馬,0,0,0,0,0,0
12,41,仙台,熊本,14,4,0,1,3,20
12,42,仙台,大分,6,6,0,3,2,17
12,43,仙台,宮崎,5,8,0,0,1,12
12,44,仙台,鹿児島,8,5,0,1,2,18
12,45,仙台,奄美大島,0,0,0,0,0,0
12,46,仙台,那覇,62,5,0,0,1,64
12,47,仙台,石垣島,1,0,0,0,0,1
13,1,秋田,稚内,0,0,0,0,0,0
13,2,秋田,釧路,1,1,1,0,0,0
13,3,秋田,函館,0,9,1,0,0,9
13,4,秋田,旭川,1,2,0,0,0,0
13,5,秋田,帯広,2,1,0,0,0,2
13,6,秋田,根室中標津,0,0,0,0,0,0
13,7,秋田,女満別,1,0,0,0,0,0
13,8,秋田,新千歳,33,4,6,0,0,17
13,9,秋田,青森,0,27,0,0,1237,1247
13,10,秋田,三沢,0,20,0,0,205,206
13,11,秋田,花巻,0,104,0,30,2173,2218
13,12,秋田,仙台,0,248,0,25,359,408
13,13,秋田,秋田,0,0,0,0,222,226
13,14,秋田,大館,0,0,0,0,6,6
13,15,秋田,山形,0,6,0,2,384,387
13,16,秋田,庄内,0,4,0,0,67,68
13,17,秋田,福島,0,18,0,1,79,86
13,18,秋田,羽田,289,627,0,39,238,657
13,19,秋田,八丈島,0,0,0,0,0,3
13,20,秋田,新潟,0,16,5,1,10,13
13,21,秋田,富山,1,0,0,0,3,5
13,22,秋田,小松,1,1,0,1,1,4
13,23,秋田,松本,0,1,0,0,0,2
13,24,秋田,名古屋,34,27,0,11,1,31
13,25,秋田,関西国際,68,12,1,0,2,39
13,26,秋田,鳥取,1,0,0,0,0,0
13,27,秋田,米子,0,0,0,0,0,0
13,28,秋田,出雲,1,0,0,0,0,0
13,29,秋田,石見,0,0,0,0,0,0
13,30,秋田,岡山,1,6,0,0,1,2
13,31,秋田,広島,5,1,0,0,1,5
13,32,秋田,山口宇部,2,0,0,0,0,1
13,33,秋田,徳島,1,0,0,0,0,0
13,34,秋田,高松,0,1,0,0,0,0
13,35,秋田,松山,2,0,0,0,0,1
13,36,秋田,高知,1,0,0,0,0,0
13,37,秋田,福岡,16,1,0,0,0,2
13,38,秋田,長崎,3,0,0,0,0,2
13,39,秋田,五島福江,0,0,0,0,0,0
13,40,秋田,対馬,0,0,0,0,0,0
13,41,秋田,熊本,2,0,0,0,0,0
13,42,秋田,大分,5,0,0,0,0,0
13,43,秋田,宮崎,1,0,0,0,0,1
13,44,秋田,鹿児島,0,0,0,0,0,1
13,45,秋田,奄美大島,0,0,0,0,0,0
13,46,秋田,那覇,5,0,0,0,0,12
13,47,秋田,石垣島,0,0,0,0,0,0
14,1,大館,稚内,0,0,0,0,0,0
14,2,大館,釧路,0,0,0,0,1,3
14,3,大館,函館,0,6,0,0,4,9
14,4,大館,旭川,0,0,0,0,0,3
14,5,大館,帯広,0,0,0,0,0,1
14,6,大館,根室中標津,0,0,0,0,0,0
14,7,大館,女満別,0,0,0,0,0,1
14,8,大館,新千歳,2,1,4,1,6,38
14,9,大館,青森,0,5,0,0,249,271
14,10,大館,三沢,0,0,0,0,89,104
14,11,大館,花巻,0,1,0,4,593,668
14,12,大館,仙台,0,12,0,67,738,989
14,13,大館,秋田,0,0,0,0,0,0
14,14,大館,大館,0,0,0,0,0,0
14,15,大館,山形,0,0,0,6,103,115
14,16,大館,庄内,0,0,0,0,1118,1122
14,17,大館,福島,0,0,0,4,16,30
14,18,大館,羽田,38,49,0,70,83,794
14,19,大館,八丈島,0,0,0,0,0,0
14,20,大館,新潟,0,0,0,0,6,25
14,21,大館,富山,0,0,0,0,1,3
14,22,大館,小松,0,0,0,0,1,1
14,23,大館,松本,0,1,0,0,0,1
14,24,大館,名古屋,3,3,0,1,3,56
14,25,大館,関西国際,9,0,0,8,41,100
14,26,大館,鳥取,0,0,0,0,0,0
14,27,大館,米子,0,0,0,0,0,0
14,28,大館,出雲,0,0,0,0,0,2
14,29,大館,石見,0,0,0,0,0,0
14,30,大館,岡山,1,1,0,1,0,2
14,31,大館,広島,0,1,0,0,1,4
14,32,大館,山口宇部,0,0,0,0,20,21
14,33,大館,徳島,0,0,0,0,0,1
14,34,大館,高松,0,0,0,0,0,1
14,35,大館,松山,0,0,0,0,0,2
14,36,大館,高知,0,0,0,0,0,1
14,37,大館,福岡,1,0,0,1,0,16
14,38,大館,長崎,0,2,0,0,0,3
14,39,大館,五島福江,0,0,0,0,0,0
14,40,大館,対馬,0,0,0,0,0,0
14,41,大館,熊本,0,0,0,0,0,2
14,42,大館,大分,0,0,0,0,0,4
14,43,大館,宮崎,1,0,0,0,0,3
14,44,大館,鹿児島,0,0,0,0,0,0
14,45,大館,奄美大島,0,0,0,0,0,0
14,46,大館,那覇,3,0,0,1,0,3
14,47,大館,石垣島,0,0,0,0,0,0
15,1,山形,稚内,0,0,0,0,0,0
15,2,山形,釧路,0,4,0,0,0,1
15,3,山形,函館,0,2,0,0,0,3
15,4,山形,旭川,1,0,0,0,0,0
15,5,山形,帯広,4,0,0,0,0,1
15,6,山形,根室中標津,0,0,0,0,0,0
15,7,山形,女満別,0,0,0,0,0,0
15,8,山形,新千歳,17,4,1,0,0,11
15,9,山形,青森,3,11,0,3,43,47
15,10,山形,三沢,0,9,0,0,78,83
15,11,山形,花巻,0,31,0,0,1317,1345
15,12,山形,仙台,0,11,0,22,722,803
15,13,山形,秋田,0,6,0,0,0,0
15,14,山形,大館,0,0,0,0,0,0
15,15,山形,山形,0,0,0,0,78,78
15,16,山形,庄内,0,0,0,0,50,50
15,17,山形,福島,0,4,0,0,10,17
15,18,山形,羽田,30,837,0,9,110,368
15,19,山形,八丈島,0,0,0,0,0,0
15,20,山形,新潟,0,2,1,0,1,3
15,21,山形,富山,0,2,0,0,0,0
15,22,山形,小松,1,5,0,0,0,2
15,23,山形,松本,0,1,0,0,0,0
15,24,山形,名古屋,10,18,0,0,0,12
15,25,山形,関西国際,53,27,0,0,0,29
15,26,山形,鳥取,0,0,0,0,0,1
15,27,山形,米子,1,0,0,0,0,0
15,28,山形,出雲,0,0,0,0,0,0
15,29,山形,石見,0,0,0,0,0,0
15,30,山形,岡山,1,1,0,0,0,6
15,31,山形,広島,4,2,0,0,0,1
15,32,山形,山口宇部,2,1,0,0,0,1
15,33,山形,徳島,0,0,0,0,0,0
15,34,山形,高松,0,1,0,0,0,0
15,35,山形,松山,0,0,0,0,0,0
15,36,山形,高知,0,0,0,0,0,0
15,37,山形,福岡,8,3,0,0,0,1
15,38,山形,長崎,2,1,0,0,0,0
15,39,山形,五島福江,0,0,0,0,0,0
15,40,山形,対馬,0,0,0,0,0,0
15,41,山形,熊本,1,0,0,0,0,0
15,42,山形,大分,0,0,0,0,0,1
15,43,山形,宮崎,0,1,0,0,0,0
15,44,山形,鹿児島,1,1,0,0,0,0
15,45,山形,奄美大島,0,0,0,0,0,0
15,46,山形,那覇,10,0,0,0,0,2
15,47,山形,石垣島,1,0,0,0,0,0
16,1,庄内,稚内,0,0,0,0,0,0
16,2,庄内,釧路,0,0,0,0,1,6
16,3,庄内,函館,0,0,0,1,0,4
16,4,庄内,旭川,0,0,0,0,1,3
16,5,庄内,帯広,0,0,0,0,0,4
16,6,庄内,根室中標津,0,0,0,0,0,0
16,7,庄内,女満別,0,0,0,0,0,0
16,8,庄内,新千歳,7,0,0,2,7,31
16,9,庄内,青森,0,4,0,23,22,58
16,10,庄内,三沢,0,6,0,2,8,19
16,11,庄内,花巻,0,0,0,7,149,187
16,12,庄内,仙台,0,3,0,419,5335,5766
16,13,庄内,秋田,0,4,0,6,162,174
16,14,庄内,大館,0,0,0,0,3,3
16,15,庄内,山形,0,0,0,0,0,0
16,16,庄内,庄内,0,0,0,0,0,0
16,17,庄内,福島,0,8,0,2,236,242
16,18,庄内,羽田,131,166,0,56,625,1551
16,19,庄内,八丈島,0,0,0,0,0,0
16,20,庄内,新潟,0,67,1,12,24,40
16,21,庄内,富山,0,0,0,3,8,12
16,22,庄内,小松,0,1,0,0,0,9
16,23,庄内,松本,0,0,0,0,1,1
16,24,庄内,名古屋,3,13,0,5,6,38
16,25,庄内,関西国際,17,4,0,14,22,114
16,26,庄内,鳥取,0,0,0,0,0,0
16,27,庄内,米子,0,4,0,0,0,1
16,28,庄内,出雲,1,0,0,0,0,1
16,29,庄内,石見,0,0,0,0,0,0
16,30,庄内,岡山,0,0,0,0,0,2
16,31,庄内,広島,2,7,0,1,1,7
16,32,庄内,山口宇部,0,0,0,0,1,4
16,33,庄内,徳島,0,0,0,0,0,0
16,34,庄内,高松,0,0,0,0,0,1
16,35,庄内,松山,0,0,0,0,1,1
16,36,庄内,高知,0,0,0,0,0,1
16,37,庄内,福岡,3,0,0,0,3,15
16,38,庄内,長崎,1,0,0,0,1,4
16,39,庄内,五島福江,0,0,0,0,0,0
16,40,庄内,対馬,0,0,0,0,0,0
16,41,庄内,熊本,1,0,0,0,1,2
16,42,庄内,大分,0,0,0,0,0,0
16,43,庄内,宮崎,0,0,0,0,1,1
16,44,庄内,鹿児島,0,0,0,0,0,2
16,45,庄内,奄美大島,0,0,0,0,0,0
16,46,庄内,那覇,2,0,0,0,1,12
16,47,庄内,石垣島,0,0,0,0,0,1
17,1,福島,稚内,0,0,0,0,0,0
17,2,福島,釧路,0,0,0,0,0,0
17,3,福島,函館,0,6,0,0,0,6
17,4,福島,旭川,1,0,0,0,0,3
17,5,福島,帯広,1,0,0,0,7,8
17,6,福島,根室中標津,0,0,0,0,0,0
17,7,福島,女満別,0,0,0,0,0,0
17,8,福島,新千歳,30,4,2,1,0,43
17,9,福島,青森,0,18,0,5,10,18
17,10,福島,三沢,0,8,0,0,11,39
17,11,福島,花巻,0,37,0,0,116,156
17,12,福島,仙台,0,447,0,132,3440,3949
17,13,福島,秋田,0,18,0,2,39,55
17,14,福島,大館,0,0,0,3,8,10
17,15,福島,山形,0,4,0,3,228,234
17,16,福島,庄内,0,8,0,5,29,40
17,17,福島,福島,0,0,0,0,0,0
17,18,福島,羽田,0,2185,0,271,6940,9249
17,19,福島,八丈島,0,0,0,0,0,0
17,20,福島,新潟,0,6,2,11,271,287
17,21,福島,富山,0,0,0,0,5,5
17,22,福島,小松,1,9,0,2,8,19
17,23,福島,松本,0,7,0,0,6,13
17,24,福島,名古屋,0,76,0,0,15,97
17,25,福島,関西国際,44,73,0,5,183,316
17,26,福島,鳥取,0,0,0,0,0,0
17,27,福島,米子,0,0,0,0,0,1
17,28,福島,出雲,1,1,0,0,0,4
17,29,福島,石見,0,0,0,0,0,0
17,30,福島,岡山,0,10,0,0,0,10
17,31,福島,広島,1,11,0,0,0,15
17,32,福島,山口宇部,5,6,0,0,0,13
17,33,福島,徳島,1,0,0,0,0,3
17,34,福島,高松,3,4,0,0,1,11
17,35,福島,松山,2,1,0,0,0,5
17,36,福島,高知,3,0,0,0,0,2
17,37,福島,福岡,15,9,0,0,0,31
17,38,福島,長崎,2,0,0,0,0,7
17,39,福島,五島福江,0,0,0,0,0,0
17,40,福島,対馬,0,0,0,0,0,0
17,41,福島,熊本,2,0,0,0,0,2
17,42,福島,大分,1,3,0,0,0,2
17,43,福島,宮崎,1,1,0,0,0,3
17,44,福島,鹿児島,8,13,0,0,0,16
17,45,福島,奄美大島,0,0,0,0,0,0
17,46,福島,那覇,5,2,0,0,0,5
17,47,福島,石垣島,2,0,0,0,0,1
18,1,羽田,稚内,48,5,0,0,0,46
18,2,羽田,釧路,185,10,2,31,52,256
18,3,羽田,函館,420,77,1,44,45,526
18,4,羽田,旭川,350,29,5,60,99,480
18,5,羽田,帯広,197,14,1,0,0,185
18,6,羽田,根室中標津,46,1,0,0,0,41
18,7,羽田,女満別,193,2,0,0,2,174
18,8,羽田,新千歳,3973,256,25,252,220,4314
18,9,羽田,青森,232,316,0,95,143,761
18,10,羽田,三沢,72,757,0,4,91,881
18,11,羽田,花巻,1,1630,0,62,484,2047
18,12,羽田,仙台,26,6399,0,346,8694,15037
18,13,羽田,秋田,294,632,0,80,201,1123
18,14,羽田,大館,38,50,0,28,22,132
18,15,羽田,山形,29,837,0,55,416,1269
18,16,羽田,庄内,129,166,0,10,87,360
18,17,羽田,福島,0,2185,0,164,6986,9174
18,18,羽田,羽田,4,45397,32,5883,357956,400468
18,19,羽田,八丈島,2,11,17,0,1,13
18,20,羽田,新潟,1,4698,118,285,4782,9586
18,21,羽田,富山,331,711,0,109,1925,2990
18,22,羽田,小松,790,987,0,236,1313,3225
18,23,羽田,松本,2,969,0,253,2283,3359
18,24,羽田,名古屋,126,15988,4,946,29600,44854
18,25,羽田,関西国際,3484,21161,9,1320,9816,33392
18,26,羽田,鳥取,136,57,1,35,43,253
18,27,羽田,米子,138,27,0,10,32,193
18,28,羽田,出雲,306,84,0,63,78,500
18,29,羽田,石見,19,8,0,4,0,31
18,30,羽田,岡山,358,1537,2,81,351,2105
18,31,羽田,広島,835,2645,2,128,197,3493
18,32,羽田,山口宇部,463,670,3,77,83,1182
18,33,羽田,徳島,323,58,2,69,62,482
18,34,羽田,高松,530,364,22,82,63,989
18,35,羽田,松山,634,235,7,92,75,978
18,36,羽田,高知,388,53,0,62,52,516
18,37,羽田,福岡,3998,1111,8,343,370,5283
18,38,羽田,長崎,693,98,15,112,75,921
18,39,羽田,五島福江,19,2,0,0,0,20
18,40,羽田,対馬,7,0,0,0,0,6
18,41,羽田,熊本,887,97,0,80,153,1087
18,42,羽田,大分,570,90,4,89,76,740
18,43,羽田,宮崎,598,85,0,41,71,701
18,44,羽田,鹿児島,854,62,5,108,84,982
18,45,羽田,奄美大島,148,1,0,0,0,123
18,46,羽田,那覇,2343,58,4,57,130,2286
18,47,羽田,石垣島,233,3,0,0,0,207
19,1,八丈島,稚内,0,0,0,0,0,5
19,2,八丈島,釧路,0,0,0,0,0,19
19,3,八丈島,函館,0,0,0,0,0,47
19,4,八丈島,旭川,0,0,0,0,0,39
19,5,八丈島,帯広,0,0,0,0,0,22
19,6,八丈島,根室中標津,0,0,0,0,0,4
19,7,八丈島,女満別,0,0,0,0,0,18
19,8,八丈島,新千歳,1,0,0,0,0,352
19,9,八丈島,青森,0,0,0,13,3,51
19,10,八丈島,三沢,0,0,0,4,4,37
19,11,八丈島,花巻,0,0,0,16,21,142
19,12,八丈島,仙台,3,0,0,20,164,598
19,13,八丈島,秋田,0,0,0,5,16,103
19,14,八丈島,大館,0,0,0,2,1,7
19,15,八丈島,山形,0,0,0,2,223,271
19,16,八丈島,庄内,0,0,0,1,7,37
19,17,八丈島,福島,0,0,0,17,155,311
19,18,八丈島,羽田,3,11,12,300,10863,12641
19,19,八丈島,八丈島,0,0,0,0,0,0
19,20,八丈島,新潟,0,0,0,36,294,585
19,21,八丈島,富山,0,0,0,5,40,105
19,22,八丈島,小松,1,0,0,18,69,197
19,23,八丈島,松本,0,0,0,25,240,404
19,24,八丈島,名古屋,0,1,0,81,1121,2095
19,25,八丈島,関西国際,4,5,2,60,198,1730
19,26,八丈島,鳥取,0,0,0,2,1,16
19,27,八丈島,米子,0,0,0,1,0,14
19,28,八丈島,出雲,0,0,0,0,0,31
19,29,八丈島,石見,0,0,0,1,1,4
19,30,八丈島,岡山,0,0,0,6,11,160
19,31,八丈島,広島,0,0,0,9,28,261
19,32,八丈島,山口宇部,0,0,0,2,18,115
19,33,八丈島,徳島,0,0,0,8,0,39
19,34,八丈島,高松,1,0,0,2,0,61
19,35,八丈島,松山,0,0,0,2,0,62
19,36,八丈島,高知,0,0,0,4,0,42
19,37,八丈島,福岡,1,2,0,12,0,407
19,38,八丈島,長崎,0,0,0,1,1,71
19,39,八丈島,五島福江,0,0,0,0,0,2
19,40,八丈島,対馬,0,0,0,0,0,1
19,41,八丈島,熊本,0,0,0,0,1,92
19,42,八丈島,大分,0,0,0,1,0,55
19,43,八丈島,宮崎,0,0,0,0,1,68
19,44,八丈島,鹿児島,0,0,0,3,0,94
19,45,八丈島,奄美大島,0,0,0,0,0,23
19,46,八丈島,那覇,3,0,0,0,0,203
19,47,八丈島,石垣島,0,0,0,0,0,23
20,1,新潟,稚内,0,0,0,0,0,0
20,2,新潟,釧路,5,2,2,0,0,10
20,3,新潟,函館,1,3,3,0,0,10
20,4,新潟,旭川,2,1,1,1,1,14
20,5,新潟,帯広,2,1,0,0,0,3
20,6,新潟,根室中標津,0,0,0,0,0,0
20,7,新潟,女満別,0,0,0,0,0,1
20,8,新潟,新千歳,62,4,18,0,0,94
20,9,新潟,青森,0,8,0,0,38,48
20,10,新潟,三沢,0,5,0,0,7,16
20,11,新潟,花巻,0,17,6,3,27,56
20,12,新潟,仙台,0,41,5,60,552,674
20,13,新潟,秋田,0,16,2,0,10,29
20,14,新潟,大館,0,0,0,0,0,0
20,15,新潟,山形,0,2,3,10,27,50
20,16,新潟,庄内,0,67,1,0,112,183
20,17,新潟,福島,0,6,6,23,1053,1091
20,18,新潟,羽田,1,4698,117,358,16535,21728
20,19,新潟,八丈島,0,0,0,0,0,0
20,20,新潟,新潟,0,0,0,2,13,20
20,21,新潟,富山,0,56,1,10,1094,1162
20,22,新潟,小松,0,74,3,8,372,466
20,23,新潟,松本,0,15,0,5,496,517
20,24,新潟,名古屋,32,118,5,20,1015,1343
20,25,新潟,関西国際,162,182,11,43,249,943
20,26,新潟,鳥取,1,0,0,0,2,4
20,27,新潟,米子,1,9,0,0,2,12
20,28,新潟,出雲,3,4,0,3,0,11
20,29,新潟,石見,0,0,0,0,0,0
20,30,新潟,岡山,3,14,0,0,6,40
20,31,新潟,広島,3,26,0,0,4,55
20,32,新潟,山口宇部,3,13,0,0,2,26
20,33,新潟,徳島,1,2,0,1,3,10
20,34,新潟,高松,3,4,0,0,3,23
20,35,新潟,松山,1,2,4,3,0,17
20,36,新潟,高知,5,1,0,0,0,9
20,37,新潟,福岡,32,12,0,0,6,87
20,38,新潟,長崎,8,8,0,0,7,29
20,39,新潟,五島福江,0,0,0,0,0,0
20,40,新潟,対馬,0,0,0,0,0,0
20,41,新潟,熊本,5,1,0,0,2,28
20,42,新潟,大分,7,2,0,1,3,18
20,43,新潟,宮崎,1,2,0,0,1,6
20,44,新潟,鹿児島,13,23,0,0,1,43
20,45,新潟,奄美大島,2,0,0,0,0,4
20,46,新潟,那覇,54,4,0,0,1,67
20,47,新潟,石垣島,7,2,0,0,0,9
21,1,富山,稚内,1,0,0,0,0,1
21,2,富山,釧路,1,1,0,0,0,3
21,3,富山,函館,2,0,0,0,0,2
21,4,富山,旭川,0,0,0,0,0,1
21,5,富山,帯広,0,0,0,0,0,1
21,6,富山,根室中標津,0,0,0,0,0,0
21,7,富山,女満別,0,0,0,0,0,0
21,8,富山,新千歳,31,1,2,2,2,36
21,9,富山,青森,0,1,0,0,1,2
21,10,富山,三沢,2,5,0,0,1,7
21,11,富山,花巻,0,4,0,0,28,37
21,12,富山,仙台,1,12,0,1,61,80
21,13,富山,秋田,1,0,0,0,0,4
21,14,富山,大館,0,0,0,0,0,0
21,15,富山,山形,0,2,0,3,1,7
21,16,富山,庄内,0,0,0,0,4,5
21,17,富山,福島,0,0,0,0,13,20
21,18,富山,羽田,331,712,0,121,1817,3100
21,19,富山,八丈島,0,0,0,0,0,0
21,20,富山,新潟,0,56,2,9,991,1057
21,21,富山,富山,0,0,0,0,3,4
21,22,富山,小松,0,246,0,107,7531,7891
21,23,富山,松本,0,1,0,0,342,345
21,24,富山,名古屋,0,200,0,72,869,1139
21,25,富山,関西国際,1,890,0,31,567,1457
21,26,富山,鳥取,1,1,0,1,1,3
21,27,富山,米子,0,1,0,0,3,4
21,28,富山,出雲,0,3,0,0,3,7
21,29,富山,石見,0,0,0,0,0,0
21,30,富山,岡山,0,11,0,0,9,18
21,31,富山,広島,0,17,0,0,15,33
21,32,富山,山口宇部,0,4,0,0,12,16
21,33,富山,徳島,0,4,0,4,0,8
21,34,富山,高松,0,8,0,2,3,12
21,35,富山,松山,1,3,0,1,0,5
21,36,富山,高知,0,2,0,0,0,3
21,37,富山,福岡,19,28,0,0,57,102
21,38,富山,長崎,1,2,0,1,14,18
21,39,富山,五島福江,0,0,0,0,0,0
21,40,富山,対馬,0,0,0,0,0,0
21,41,富山,熊本,2,3,0,0,2,8
21,42,富山,大分,3,5,0,0,19,26
21,43,富山,宮崎,2,2,5,1,12,23
21,44,富山,鹿児島,3,1,1,0,3,9
21,45,富山,奄美大島,0,0,0,0,0,0
21,46,富山,那覇,11,3,0,0,1,14
21,47,富山,石垣島,2,0,0,0,0,2
22,1,小松,稚内,0,0,0,0,0,0
22,2,小松,釧路,2,1,0,2,0,5
22,3,小松,函館,3,0,0,0,0,3
22,4,小松,旭川,4,2,4,0,1,12
22,5,小松,帯広,1,1,0,0,0,3
22,6,小松,根室中標津,0,0,0,0,0,0
22,7,小松,女満別,1,0,0,0,0,4
22,8,小松,新千歳,43,4,3,4,3,67
22,9,小松,青森,2,2,0,0,1,5
22,10,小松,三沢,0,3,0,0,1,4
22,11,小松,花巻,2,4,0,2,1,11
22,12,小松,仙台,11,20,0,7,16,57
22,13,小松,秋田,1,1,0,0,1,4
22,14,小松,大館,0,0,0,0,0,1
22,15,小松,山形,1,5,0,0,0,6
22,16,小松,庄内,0,1,0,0,1,1
22,17,小松,福島,1,9,0,0,8,18
22,18,小松,羽田,784,993,1,205,806,2812
22,19,小松,八丈島,1,0,0,0,0,1
22,20,小松,新潟,0,74,3,10,389,477
22,21,小松,富山,0,246,0,95,7653,7995
22,22,小松,小松,0,200,0,19,10086,10292
22,23,小松,松本,0,5,0,0,190,197
22,24,小松,名古屋,1,423,0,132,2098,2634
22,25,小松,関西国際,0,1539,0,72,3253,4826
22,26,小松,鳥取,0,3,0,2,7,13
22,27,小松,米子,0,1,0,0,5,7
22,28,小松,出雲,1,4,0,0,2,9
22,29,小松,石見,0,0,0,0,0,0
22,30,小松,岡山,0,25,0,1,24,52
22,31,小松,広島,2,44,0,2,19,69
22,32,小松,山口宇部,1,13,0,2,3,24
22,33,小松,徳島,0,10,0,6,7,22
22,34,小松,高松,1,8,0,1,2,11
22,35,小松,松山,2,7,0,2,4,16
22,36,小松,高知,3,4,0,3,0,12
22,37,小松,福岡,37,48,0,2,15,108
22,38,小松,長崎,3,2,0,3,2,10
22,39,小松,五島福江,0,0,0,0,0,1
22,40,小松,対馬,0,0,0,0,0,0
22,41,小松,熊本,4,12,0,0,2,22
22,42,小松,大分,3,4,0,1,2,12
22,43,小松,宮崎,3,2,0,0,2,10
22,44,小松,鹿児島,9,4,0,1,2,17
22,45,小松,奄美大島,0,0,0,0,0,0
22,46,小松,那覇,45,0,0,0,0,49
22,47,小松,石垣島,3,3,0,0,0,10
23,1,松本,稚内,0,0,0,0,0,0
23,2,松本,釧路,0,0,0,1,0,2
23,3,松本,函館,0,0,0,0,0,4
23,4,松本,旭川,2,0,0,1,8,15
23,5,松本,帯広,1,0,0,0,0,1
23,6,松本,根室中標津,0,0,0,0,0,1
23,7,松本,女満別,0,0,0,0,0,0
23,8,松本,新千歳,17,0,0,3,4,18
23,9,松本,青森,0,0,0,1,2,6
23,10,松本,三沢,0,2,0,0,22,25
23,11,松本,花巻,0,0,0,2,1,8
23,12,松本,仙台,0,32,0,3,13,25
23,13,松本,秋田,0,1,0,0,0,4
23,14,松本,大館,0,1,0,0,0,0
23,15,松本,山形,0,1,0,1,1,8
23,16,松本,庄内,0,0,0,0,1,3
23,17,松本,福島,0,7,0,0,16,22
23,18,松本,羽田,2,957,0,137,2279,4291
23,19,松本,八丈島,0,0,0,0,0,0
23,20,松本,新潟,0,15,0,17,2425,2457
23,21,松本,富山,0,1,0,0,919,923
23,22,松本,小松,0,5,0,1,167,182
23,23,松本,松本,0,0,0,0,0,0
23,24,松本,名古屋,0,193,0,21,387,564
23,25,松本,関西国際,3,99,0,26,105,219
23,26,松本,鳥取,0,2,0,1,0,2
23,27,松本,米子,0,0,0,0,1,1
23,28,松本,出雲,0,0,0,2,0,4
23,29,松本,石見,0,0,0,0,0,0
23,30,松本,岡山,0,6,0,0,3,7
23,31,松本,広島,0,8,0,0,0,11
23,32,松本,山口宇部,0,3,0,1,1,7
23,33,松本,徳島,0,0,0,2,1,5
23,34,松本,高松,0,3,0,1,1,5
23,35,松本,松山,1,0,0,4,1,8
23,36,松本,高知,0,0,0,0,1,3
23,37,松本,福岡,11,12,0,3,8,36
23,38,松本,長崎,4,1,0,1,1,5
23,39,松本,五島福江,0,0,0,0,0,0
23,40,松本,対馬,0,0,0,0,0,0
23,41,松本,熊本,1,1,0,1,2,16
23,42,松本,大分,2,1,0,2,2,9
23,43,松本,宮崎,0,0,0,1,2,9
23,44,松本,鹿児島,3,0,0,1,3,26
23,45,松本,奄美大島,2,0,0,0,0,1
23,46,松本,那覇,3,0,0,1,4,16
23,47,松本,石垣島,0,0,0,0,0,1
24,1,名古屋,稚内,7,0,0,0,0,8
24,2,名古屋,釧路,12,3,1,0,7,25
24,3,名古屋,函館,57,2,1,4,7,80
24,4,名古屋,旭川,29,10,3,3,8,64
24,5,名古屋,帯広,27,7,0,0,0,38
24,6,名古屋,根室中標津,1,0,0,0,0,2
24,7,名古屋,女満別,35,0,0,0,5,41
24,8,名古屋,新千歳,473,36,10,9,44,611
24,9,名古屋,青森,38,12,0,10,124,195
24,10,名古屋,三沢,0,26,0,0,68,112
24,11,名古屋,花巻,12,64,0,3,50,145
24,12,名古屋,仙台,92,186,4,11,83,471
24,13,名古屋,秋田,37,27,0,14,15,102
24,14,名古屋,大館,3,3,0,0,0,8
24,15,名古屋,山形,11,18,0,7,8,60
24,16,名古屋,庄内,3,14,0,3,3,21
24,17,名古屋,福島,0,76,0,2,37,128
24,18,名古屋,羽田,131,16041,2,1865,52199,76806
24,19,名古屋,八丈島,0,1,0,0,0,20
24,20,名古屋,新潟,31,118,3,21,1218,1424
24,21,名古屋,富山,0,200,0,77,1250,1555
24,22,名古屋,小松,1,423,0,131,3236,3809
24,23,名古屋,松本,0,193,0,31,1979,2208
24,24,名古屋,名古屋,0,1206,0,305,27199,29565
24,25,名古屋,関西国際,1,6274,4,404,25246,32691
24,26,名古屋,鳥取,3,28,0,2,45,92
24,27,名古屋,米子,2,18,0,3,54,77
24,28,名古屋,出雲,7,34,0,10,91,154
24,29,名古屋,石見,0,2,0,0,2,3
24,30,名古屋,岡山,0,297,0,18,292,662
24,31,名古屋,広島,2,512,0,18,206,811
24,32,名古屋,山口宇部,4,173,0,1,27,219
24,33,名古屋,徳島,6,43,5,44,45,149
24,34,名古屋,高松,0,117,13,25,40,212
24,35,名古屋,松山,57,90,3,17,37,212
24,36,名古屋,高知,19,23,0,15,13,80
24,37,名古屋,福岡,301,724,10,29,111,1295
24,38,名古屋,長崎,90,77,13,29,36,251
24,39,名古屋,五島福江,3,1,1,0,0,3
24,40,名古屋,対馬,0,3,0,0,0,3
24,41,名古屋,熊本,114,62,3,27,57,265
24,42,名古屋,大分,44,60,4,13,24,179
24,43,名古屋,宮崎,86,19,4,5,21,156
24,44,名古屋,鹿児島,152,40,2,17,31,264
24,45,名古屋,奄美大島,23,0,0,0,0,26
24,46,名古屋,那覇,356,3,4,8,16,479
24,47,名古屋,石垣島,58,0,0,1,0,61
25,1,関西国際,稚内,14,0,0,0,0,15
25,2,関西国際,釧路,26,3,0,9,16,54
25,3,関西国際,函館,68,15,0,4,11,100
25,4,関西国際,旭川,65,21,9,11,22,125
25,5,関西国際,帯広,41,6,0,0,0,48
25,6,関西国際,根室中標津,3,0,0,0,0,3
25,7,関西国際,女満別,42,1,0,0,0,45
25,8,関西国際,新千歳,1045,83,13,61,93,1306
25,9,関西国際,青森,56,7,0,16,16,97
25,10,関西国際,三沢,39,22,0,0,3,66
25,11,関西国際,花巻,73,47,0,14,15,148
25,12,関西国際,仙台,408,208,0,64,186,880
25,13,関西国際,秋田,71,16,0,13,19,121
25,14,関西国際,大館,10,0,0,0,0,10
25,15,関西国際,山形,51,27,0,14,21,114
25,16,関西国際,庄内,18,4,0,1,0,26
25,17,関西国際,福島,44,72,0,2,227,349
25,18,関西国際,羽田,3552,21164,11,1389,3939,30285
25,19,関西国際,八丈島,3,4,0,0,143,150
25,20,関西国際,新潟,159,181,11,46,136,551
25,21,関西国際,富山,2,890,0,35,651,1568
25,22,関西国際,小松,0,1538,0,107,4284,5920
25,23,関西国際,松本,3,99,0,20,299,428
25,24,関西国際,名古屋,1,6276,5,346,20722,27339
25,25,関西国際,関西国際,2,2426,0,221,113731,116256
25,26,関西国際,鳥取,0,188,0,165,2821,3173
25,27,関西国際,米子,2,64,0,117,743,930
25,28,関西国際,出雲,59,140,2,142,412,757
25,29,関西国際,石見,3,5,0,14,21,46
25,30,関西国際,岡山,6,1372,5,384,9729,11502
25,31,関西国際,広島,2,2312,2,185,1941,4452
25,32,関西国際,山口宇部,4,685,25,19,333,1080
25,33,関西国際,徳島,0,26,40,670,611,1353
25,34,関西国際,高松,1,497,126,528,284,1439
25,35,関西国際,松山,222,228,66,262,94,892
25,36,関西国際,高知,116,64,4,173,80,436
25,37,関西国際,福岡,399,2516,123,70,513,3646
25,38,関西国際,長崎,219,187,15,73,69,564
25,39,関西国際,五島福江,11,16,7,0,0,34
25,40,関西国際,対馬,5,0,0,0,0,5
25,41,関西国際,熊本,279,199,12,50,98,652
25,42,関西国際,大分,101,243,93,28,62,536
25,43,関西国際,宮崎,278,40,36,37,63,459
25,44,関西国際,鹿児島,389,105,19,82,90,690
25,45,関西国際,奄美大島,116,2,1,0,0,122
25,46,関西国際,那覇,894,32,5,26,62,1018
25,47,関西国際,石垣島,149,0,0,0,0,150
26,1,鳥取,稚内,0,0,0,0,0,0
26,2,鳥取,釧路,0,0,0,0,0,0
26,3,鳥取,函館,0,0,0,0,0,0
26,4,鳥取,旭川,0,0,0,0,0,0
26,5,鳥取,帯広,0,0,0,0,0,0
26,6,鳥取,根室中標津,0,0,0,0,0,0
26,7,鳥取,女満別,0,0,0,0,0,0
26,8,鳥取,新千歳,5,0,0,0,0,11
26,9,鳥取,青森,0,0,0,0,0,0
26,10,鳥取,三沢,0,0,0,0,2,2
26,11,鳥取,花巻,0,0,0,0,0,0
26,12,鳥取,仙台,2,3,0,0,0,2
26,13,鳥取,秋田,1,0,0,0,0,0
26,14,鳥取,大館,0,0,0,0,0,0
26,15,鳥取,山形,0,0,0,0,0,1
26,16,鳥取,庄内,0,0,0,0,0,4
26,17,鳥取,福島,0,0,0,0,0,1
26,18,鳥取,羽田,132,56,2,12,19,231
26,19,鳥取,八丈島,0,0,0,0,0,0
26,20,鳥取,新潟,1,0,0,0,0,10
26,21,鳥取,富山,1,1,0,0,2,3
26,22,鳥取,小松,0,4,0,1,8,11
26,23,鳥取,松本,0,2,0,0,0,0
26,24,鳥取,名古屋,3,28,0,2,3422,3473
26,25,鳥取,関西国際,0,189,0,130,1291,1664
26,26,鳥取,鳥取,0,0,0,0,0,1
26,27,鳥取,米子,0,0,0,0,0,0
26,28,鳥取,出雲,0,35,0,0,8229,8242
26,29,鳥取,石見,0,2,0,0,85,90
26,30,鳥取,岡山,0,37,0,13,1558,1633
26,31,鳥取,広島,0,51,0,22,557,615
26,32,鳥取,山口宇部,0,7,0,1,47,57
26,33,鳥取,徳島,0,2,0,1,23,26
26,34,鳥取,高松,0,4,3,1,45,53
26,35,鳥取,松山,0,3,0,0,22,26
26,36,鳥取,高知,0,1,0,0,12,14
26,37,鳥取,福岡,1,15,0,0,17,28
26,38,鳥取,長崎,0,4,0,1,1,7
26,39,鳥取,五島福江,0,0,0,0,0,0
26,40,鳥取,対馬,0,0,0,0,0,0
26,41,鳥取,熊本,0,3,0,0,7,10
26,42,鳥取,大分,0,2,0,0,0,5
26,43,鳥取,宮崎,0,1,0,0,0,1
26,44,鳥取,鹿児島,0,2,1,0,0,0
26,45,鳥取,奄美大島,0,0,0,0,0,0
26,46,鳥取,那覇,7,0,0,0,0,2
26,47,鳥取,石垣島,0,0,0,0,0,0
27,1,米子,稚内,0,0,0,0,0,0
27,2,米子,釧路,0,0,0,0,0,1
27,3,米子,函館,0,0,0,0,0,0
27,4,米子,旭川,0,0,0,0,0,0
27,5,米子,帯広,0,0,0,0,0,0
27,6,米子,根室中標津,0,0,0,0,0,0
27,7,米子,女満別,0,0,0,0,0,0
27,8,米子,新千歳,4,0,0,0,2,5
27,9,米子,青森,0,0,0,0,0,0
27,10,米子,三沢,0,0,0,0,0,0
27,11,米子,花巻,0,0,0,0,0,0
27,12,米子,仙台,0,1,0,0,0,4
27,13,米子,秋田,0,0,0,0,0,2
27,14,米子,大館,0,0,0,0,0,0
27,15,米子,山形,1,0,0,0,0,0
27,16,米子,庄内,0,4,0,0,0,0
27,17,米子,福島,0,0,0,0,0,0
27,18,米子,羽田,134,26,0,44,38,229
27,19,米子,八丈島,0,0,0,0,0,0
27,20,米子,新潟,1,9,0,0,1,3
27,21,米子,富山,0,1,0,1,0,4
27,22,米子,小松,0,1,0,0,6,8
27,23,米子,松本,0,0,0,0,0,2
27,24,米子,名古屋,3,18,0,5,28,51
27,25,米子,関西国際,2,64,0,116,1852,2097
27,26,米子,鳥取,0,0,0,0,0,0
27,27,米子,米子,0,0,0,0,0,0
27,28,米子,出雲,0,12,0,0,210,239
27,29,米子,石見,0,6,0,0,0,1
27,30,米子,岡山,0,60,0,14,611,656
27,31,米子,広島,0,36,0,17,53,116
27,32,米子,山口宇部,0,8,0,1,18,25
27,33,米子,徳島,0,1,0,0,2,3
27,34,米子,高松,0,5,0,0,5,11
27,35,米子,松山,0,3,0,2,2,8
27,36,米子,高知,0,2,0,0,1,3
27,37,米子,福岡,1,6,0,2,3,21
27,38,米子,長崎,0,5,0,2,0,5
27,39,米子,五島福江,0,0,0,0,0,0
27,40,米子,対馬,0,0,0,0,0,0
27,41,米子,熊本,0,2,0,1,0,4
27,42,米子,大分,0,4,0,0,2,4
27,43,米子,宮崎,0,1,0,1,1,2
27,44,米子,鹿児島,0,0,0,3,1,6
27,45,米子,奄美大島,0,0,0,0,0,0
27,46,米子,那覇,2,0,0,1,2,6
27,47,米子,石垣島,0,0,0,0,0,0
28,1,出雲,稚内,0,0,0,0,0,0
28,2,出雲,釧路,0,0,0,0,0,0
28,3,出雲,函館,0,0,0,0,0,0
28,4,出雲,旭川,0,0,0,0,0,0
28,5,出雲,帯広,0,0,0,0,0,0
28,6,出雲,根室中標津,0,0,0,0,0,0
28,7,出雲,女満別,0,0,0,0,0,0
28,8,出雲,新千歳,16,0,0,2,1,12
28,9,出雲,青森,1,0,0,0,0,2
28,10,出雲,三沢,2,0,0,0,0,2
28,11,出雲,花巻,0,0,0,0,0,1
28,12,出雲,仙台,3,8,0,2,1,13
28,13,出雲,秋田,1,0,0,0,0,0
28,14,出雲,大館,0,0,0,0,0,0
28,15,出雲,山形,0,0,0,0,0,1
28,16,出雲,庄内,1,0,0,0,0,1
28,17,出雲,福島,1,1,0,0,0,2
28,18,出雲,羽田,306,82,0,78,64,495
28,19,出雲,八丈島,0,0,0,0,0,0
28,20,出雲,新潟,2,6,0,4,0,13
28,21,出雲,富山,0,3,0,0,2,5
28,22,出雲,小松,2,4,0,1,22,29
28,23,出雲,松本,0,0,0,0,0,0
28,24,出雲,名古屋,8,34,0,9,29,77
28,25,出雲,関西国際,58,139,3,172,865,1258
28,26,出雲,鳥取,0,35,0,0,160,191
28,27,出雲,米子,0,12,0,0,7104,7120
28,28,出雲,出雲,0,0,0,0,180,186
28,29,出雲,石見,0,0,0,0,0,1
28,30,出雲,岡山,0,84,1,31,1351,1449
28,31,出雲,広島,0,26,0,123,1810,1965
28,32,出雲,山口宇部,0,28,0,4,258,296
28,33,出雲,徳島,0,2,0,3,1,7
28,34,出雲,高松,0,6,1,2,15,24
28,35,出雲,松山,0,5,2,3,4,13
28,36,出雲,高知,0,2,0,2,9,13
28,37,出雲,福岡,10,38,0,15,45,91
28,38,出雲,長崎,2,3,0,0,3,8
28,39,出雲,五島福江,0,0,0,0,0,0
28,40,出雲,対馬,0,0,0,0,0,0
28,41,出雲,熊本,2,5,0,4,3,11
28,42,出雲,大分,0,3,0,1,1,6
28,43,出雲,宮崎,1,1,0,0,1,3
28,44,出雲,鹿児島,1,2,0,1,0,5
28,45,出雲,奄美大島,0,0,0,0,0,0
28,46,出雲,那覇,11,0,0,1,1,9
28,47,出雲,石垣島,0,0,0,0,0,0
29,1,石見,稚内,0,0,0,0,0,0
29,2,石見,釧路,0,0,0,0,0,0
29,3,石見,函館,0,0,0,0,0,0
29,4,石見,旭川,0,0,0,0,0,0
29,5,石見,帯広,0,0,0,0,0,0
29,6,石見,根室中標津,0,0,0,0,0,0
29,7,石見,女満別,0,0,0,0,0,0
29,8,石見,新千歳,0,0,0,0,0,10
29,9,石見,青森,0,0,0,0,0,1
29,10,石見,三沢,0,0,0,0,0,1
29,11,石見,花巻,0,0,0,0,0,0
29,12,石見,仙台,0,0,0,0,0,2
29,13,石見,秋田,0,0,0,0,0,1
29,14,石見,大館,0,0,0,0,0,0
29,15,石見,山形,0,0,0,0,0,0
29,16,石見,庄内,0,0,0,0,0,0
29,17,石見,福島,0,0,0,0,0,0
29,18,石見,羽田,17,9,0,2,8,126
29,19,石見,八丈島,0,0,0,0,0,0
29,20,石見,新潟,0,0,0,0,0,0
29,21,石見,富山,0,0,0,0,3,3
29,22,石見,小松,0,0,0,0,4,7
29,23,石見,松本,0,0,0,0,0,0
29,24,石見,名古屋,0,2,0,3,9,26
29,25,石見,関西国際,3,5,0,33,121,208
29,26,石見,鳥取,0,2,0,0,34,41
29,27,石見,米子,0,6,0,0,716,721
29,28,石見,出雲,0,0,0,0,0,0
29,29,石見,石見,0,0,0,0,0,0
29,30,石見,岡山,0,0,0,6,296,330
29,31,石見,広島,0,3,0,37,317,356
29,32,石見,山口宇部,0,1,0,0,67,74
29,33,石見,徳島,0,0,0,1,0,2
29,34,石見,高松,0,1,0,1,3,8
29,35,石見,松山,0,0,0,1,1,2
29,36,石見,高知,0,0,0,7,0,8
29,37,石見,福岡,0,6,0,1,12,28
29,38,石見,長崎,0,0,0,0,1,3
29,39,石見,五島福江,0,0,0,0,0,0
29,40,石見,対馬,0,0,0,0,0,0
29,41,石見,熊本,0,0,0,1,0,2
29,42,石見,大分,0,0,0,0,1,2
29,43,石見,宮崎,0,1,0,0,0,0
29,44,石見,鹿児島,0,0,0,0,0,1
29,45,石見,奄美大島,0,0,0,0,0,0
29,46,石見,那覇,0,0,0,0,0,8
29,47,石見,石垣島,0,0,0,0,0,0
30,1,岡山,稚内,0,0,0,0,0,0
30,2,岡山,釧路,1,0,0,0,0,1
30,3,岡山,函館,2,1,0,0,0,2
30,4,岡山,旭川,2,0,0,0,1,1
30,5,岡山,帯広,0,1,0,0,0,1
30,6,岡山,根室中標津,0,0,0,0,0,0
30,7,岡山,女満別,1,0,0,0,0,1
30,8,岡山,新千歳,58,4,0,1,2,63
30,9,岡山,青森,2,2,0,1,0,5
30,10,岡山,三沢,0,4,0,0,0,4
30,11,岡山,花巻,0,2,0,0,0,2
30,12,岡山,仙台,7,12,0,5,2,24
30,13,岡山,秋田,1,6,0,1,0,8
30,14,岡山,大館,1,1,0,0,0,1
30,15,岡山,山形,1,1,0,0,1,3
30,16,岡山,庄内,0,0,0,0,0,0
30,17,岡山,福島,0,10,0,1,0,7
30,18,岡山,羽田,351,1534,2,78,303,2186
30,19,岡山,八丈島,0,0,0,0,0,0
30,20,岡山,新潟,4,14,0,0,5,23
30,21,岡山,富山,0,11,0,0,18,28
30,22,岡山,小松,0,25,0,0,23,45
30,23,岡山,松本,0,6,0,0,8,13
30,24,岡山,名古屋,0,297,0,19,203,498
30,25,岡山,関西国際,6,1372,5,292,6332,7956
30,26,岡山,鳥取,0,37,0,8,389,436
30,27,岡山,米子,0,60,0,22,857,940
30,28,岡山,出雲,0,84,1,29,469,585
30,29,岡山,石見,0,0,0,0,10,11
30,30,岡山,岡山,0,0,0,0,10,12
30,31,岡山,広島,0,502,0,72,9916,10481
30,32,岡山,山口宇部,0,123,2,0,400,525
30,33,岡山,徳島,0,59,1,9,87,154
30,34,岡山,高松,0,1068,381,1,709,2140
30,35,岡山,松山,0,137,0,26,147,310
30,36,岡山,高知,0,56,1,17,86,159
30,37,岡山,福岡,0,436,0,7,55,496
30,38,岡山,長崎,0,20,1,1,8,29
30,39,岡山,五島福江,0,0,0,0,0,0
30,40,岡山,対馬,0,0,0,0,0,0
30,41,岡山,熊本,0,22,0,8,14,45
30,42,岡山,大分,0,48,0,0,29,77
30,43,岡山,宮崎,2,6,0,0,5,15
30,44,岡山,鹿児島,8,16,0,1,7,30
30,45,岡山,奄美大島,0,0,0,0,0,0
30,46,岡山,那覇,47,2,0,2,6,54
30,47,岡山,石垣島,6,0,0,0,0,6
31,1,広島,稚内,1,0,0,0,0,1
31,2,広島,釧路,3,1,0,0,1,4
31,3,広島,函館,3,0,0,0,0,4
31,4,広島,旭川,6,1,0,1,0,8
31,5,広島,帯広,5,1,0,0,0,7
31,6,広島,根室中標津,0,0,0,0,0,0
31,7,広島,女満別,2,1,0,0,0,3
31,8,広島,新千歳,77,1,1,0,1,82
31,9,広島,青森,14,0,0,2,0,17
31,10,広島,三沢,1,3,0,0,0,3
31,11,広島,花巻,2,7,0,0,64,73
31,12,広島,仙台,28,34,0,1,6,71
31,13,広島,秋田,5,1,0,0,1,7
31,14,広島,大館,0,1,0,0,0,1
31,15,広島,山形,5,3,0,1,2,8
31,16,広島,庄内,2,6,0,0,0,8
31,17,広島,福島,1,11,0,0,0,15
31,18,広島,羽田,831,2645,1,145,292,3960
31,19,広島,八丈島,0,0,0,0,0,0
31,20,広島,新潟,3,25,0,0,4,33
31,21,広島,富山,0,17,0,1,19,38
31,22,広島,小松,2,44,0,4,32,86
31,23,広島,松本,0,8,0,0,5,15
31,24,広島,名古屋,1,513,0,15,207,761
31,25,広島,関西国際,2,2313,2,262,4359,6985
31,26,広島,鳥取,0,51,0,19,1384,1451
31,27,広島,米子,0,36,0,23,1125,1179
31,28,広島,出雲,0,26,0,115,2265,2408
31,29,広島,石見,0,3,0,33,394,431
31,30,広島,岡山,0,502,0,54,9664,10216
31,31,広島,広島,0,2,0,85,1793,1894
31,32,広島,山口宇部,0,604,1,149,8765,9512
31,33,広島,徳島,0,39,2,12,63,112
31,34,広島,高松,0,149,16,28,215,427
31,35,広島,松山,0,22,249,40,187,499
31,36,広島,高知,0,35,3,19,49,106
31,37,広島,福岡,0,886,0,53,425,1367
31,38,広島,長崎,0,56,1,15,26,98
31,39,広島,五島福江,0,0,0,0,0,0
31,40,広島,対馬,0,1,2,0,0,3
31,41,広島,熊本,0,55,0,3,57,114
31,42,広島,大分,0,90,13,5,54,164
31,43,広島,宮崎,7,19,0,5,18,52
31,44,広島,鹿児島,10,65,0,1,15,94
31,45,広島,奄美大島,0,1,0,0,0,1
31,46,広島,那覇,59,5,0,0,2,66
31,47,広島,石垣島,15,0,0,0,0,14
32,1,山口宇部,稚内,0,0,0,0,0,0
32,2,山口宇部,釧路,0,0,0,0,0,1
32,3,山口宇部,函館,2,0,0,1,1,4
32,4,山口宇部,旭川,0,0,0,0,0,1
32,5,山口宇部,帯広,1,0,0,0,0,1
32,6,山口宇部,根室中標津,0,0,0,0,0,0
32,7,山口宇部,女満別,0,0,0,0,0,0
32,8,山口宇部,新千歳,32,4,0,4,1,37
32,9,山口宇部,青森,1,0,0,0,0,1
32,10,山口宇部,三沢,0,0,0,0,0,0
32,11,山口宇部,花巻,0,0,0,0,2,2
32,12,山口宇部,仙台,5,16,0,1,3,23
32,13,山口宇部,秋田,2,0,0,0,10,12
32,14,山口宇部,大館,0,0,0,0,0,0
32,15,山口宇部,山形,2,1,0,0,0,3
32,16,山口宇部,庄内,0,0,0,0,0,0
32,17,山口宇部,福島,5,6,0,0,2,13
32,18,山口宇部,羽田,454,666,3,73,118,1283
32,19,山口宇部,八丈島,0,0,0,0,0,0
32,20,山口宇部,新潟,6,11,0,1,1,20
32,21,山口宇部,富山,0,4,0,0,44,48
32,22,山口宇部,小松,1,12,0,3,5,20
32,23,山口宇部,松本,0,3,0,0,2,5
32,24,山口宇部,名古屋,3,172,0,2,48,216
32,25,山口宇部,関西国際,4,685,22,35,415,1136
32,26,山口宇部,鳥取,0,7,0,2,41,48
32,27,山口宇部,米子,0,8,0,0,84,92
32,28,山口宇部,出雲,0,28,0,3,835,865
32,29,山口宇部,石見,0,1,0,0,1134,1135
32,30,山口宇部,岡山,0,123,2,0,863,989
32,31,山口宇部,広島,0,604,2,155,7508,8249
32,32,山口宇部,山口宇部,0,0,0,1,72,75
32,33,山口宇部,徳島,0,8,0,0,7,18
32,34,山口宇部,高松,0,34,2,2,19,57
32,35,山口宇部,松山,1,7,59,2,5,76
32,36,山口宇部,高知,0,7,1,1,4,14
32,37,山口宇部,福岡,0,562,2,155,4755,5452
32,38,山口宇部,長崎,0,25,1,10,68,103
32,39,山口宇部,五島福江,0,1,1,0,0,3
32,40,山口宇部,対馬,0,0,3,0,0,3
32,41,山口宇部,熊本,0,22,0,5,132,159
32,42,山口宇部,大分,0,50,8,1,221,277
32,43,山口宇部,宮崎,4,4,0,4,27,41
32,44,山口宇部,鹿児島,0,29,0,2,36,65
32,45,山口宇部,奄美大島,1,0,0,0,0,1
32,46,山口宇部,那覇,29,6,0,1,8,45
32,47,山口宇部,石垣島,2,0,0,0,0,3
33,1,徳島,稚内,0,0,0,0,0,0
33,2,徳島,釧路,2,0,0,0,0,2
33,3,徳島,函館,5,0,0,0,0,6
33,4,徳島,旭川,2,1,0,0,0,3
33,5,徳島,帯広,2,0,0,0,0,2
33,6,徳島,根室中標津,1,0,0,0,0,1
33,7,徳島,女満別,1,0,0,0,0,1
33,8,徳島,新千歳,18,0,1,2,1,25
33,9,徳島,青森,1,0,0,1,0,3
33,10,徳島,三沢,1,1,0,0,0,3
33,11,徳島,花巻,1,0,0,0,0,1
33,12,徳島,仙台,3,2,0,0,1,6
33,13,徳島,秋田,1,0,0,0,0,1
33,14,徳島,大館,0,0,0,0,0,0
33,15,徳島,山形,0,0,0,0,0,1
33,16,徳島,庄内,0,0,0,0,0,0
33,17,徳島,福島,1,0,0,0,0,3
33,18,徳島,羽田,312,55,3,86,53,573
33,19,徳島,八丈島,0,0,0,0,0,0
33,20,徳島,新潟,1,2,0,0,0,4
33,21,徳島,富山,0,4,0,4,0,8
33,22,徳島,小松,0,10,0,7,7,26
33,23,徳島,松本,0,0,0,1,0,1
33,24,徳島,名古屋,3,42,5,42,36,139
33,25,徳島,関西国際,0,26,40,625,553,1282
33,26,徳島,鳥取,0,2,0,2,6,11
33,27,徳島,米子,0,1,0,0,21,23
33,28,徳島,出雲,0,2,0,2,18,23
33,29,徳島,石見,0,0,0,0,640,640
33,30,徳島,岡山,0,59,1,7,196,262
33,31,徳島,広島,0,39,2,17,157,235
33,32,徳島,山口宇部,0,8,0,0,7,16
33,33,徳島,徳島,0,0,0,0,0,0
33,34,徳島,高松,0,203,0,37,6072,6304
33,35,徳島,松山,0,13,0,29,1117,1160
33,36,徳島,高知,0,40,0,16,879,936
33,37,徳島,福岡,12,24,3,5,149,217
33,38,徳島,長崎,1,1,0,1,5,9
33,39,徳島,五島福江,0,0,1,0,0,1
33,40,徳島,対馬,0,0,0,0,0,0
33,41,徳島,熊本,3,4,0,2,5,15
33,42,徳島,大分,1,4,2,2,3,17
33,43,徳島,宮崎,2,4,1,1,2,10
33,44,徳島,鹿児島,2,2,0,2,2,11
33,45,徳島,奄美大島,1,0,0,0,0,1
33,46,徳島,那覇,30,1,0,2,3,25
33,47,徳島,石垣島,1,0,0,0,0,1
34,1,高松,稚内,0,0,0,0,0,0
34,2,高松,釧路,0,0,0,1,1,2
34,3,高松,函館,5,0,0,0,0,4
34,4,高松,旭川,0,0,0,0,0,1
34,5,高松,帯広,1,0,0,0,0,1
34,6,高松,根室中標津,0,0,0,0,0,0
34,7,高松,女満別,1,0,0,0,0,1
34,8,高松,新千歳,29,2,0,0,0,27
34,9,高松,青森,0,0,0,0,0,1
34,10,高松,三沢,1,1,0,0,0,2
34,11,高松,花巻,1,1,0,0,1,2
34,12,高松,仙台,11,19,0,1,3,28
34,13,高松,秋田,0,1,0,0,0,0
34,14,高松,大館,0,0,0,0,0,0
34,15,高松,山形,0,1,0,0,0,1
34,16,高松,庄内,0,0,0,0,0,0
34,17,高松,福島,3,4,0,0,0,4
34,18,高松,羽田,528,365,21,88,58,828
34,19,高松,八丈島,1,0,0,0,0,1
34,20,高松,新潟,3,5,0,1,0,5
34,21,高松,富山,0,8,0,1,0,7
34,22,高松,小松,1,8,0,1,2,8
34,23,高松,松本,0,3,0,0,0,2
34,24,高松,名古屋,0,117,12,23,26,144
34,25,高松,関西国際,1,497,114,436,196,1060
34,26,高松,鳥取,0,4,3,0,13,20
34,27,高松,米子,0,5,1,2,25,32
34,28,高松,出雲,0,6,1,4,2,12
34,29,高松,石見,0,1,0,0,1,1
34,30,高松,岡山,0,1068,409,1,313,1446
34,31,高松,広島,0,149,17,22,77,230
34,32,高松,山口宇部,0,33,2,2,6,37
34,33,高松,徳島,0,203,1,38,4528,4716
34,34,高松,高松,0,0,0,4,233,248
34,35,高松,松山,0,227,1,63,1528,1741
34,36,高松,高知,0,64,0,49,1163,1251
34,37,高松,福岡,1,103,6,5,16,107
34,38,高松,長崎,0,21,0,2,3,17
34,39,高松,五島福江,0,0,0,0,0,1
34,40,高松,対馬,0,0,0,0,0,0
34,41,高松,熊本,0,14,0,2,1,17
34,42,高松,大分,0,5,4,0,0,11
34,43,高松,宮崎,1,3,1,3,0,8
34,44,高松,鹿児島,6,8,0,0,2,12
34,45,高松,奄美大島,1,0,0,0,0,1
34,46,高松,那覇,20,0,0,1,0,31
34,47,高松,石垣島,5,0,0,0,0,5
35,1,松山,稚内,0,0,0,0,0,0
35,2,松山,釧路,0,0,0,0,0,0
35,3,松山,函館,2,0,0,0,0,4
35,4,松山,旭川,1,0,0,0,0,1
35,5,松山,帯広,0,0,0,0,0,0
35,6,松山,根室中標津,0,0,0,0,0,0
35,7,松山,女満別,0,0,0,0,0,0
35,8,松山,新千歳,45,3,1,1,0,51
35,9,松山,青森,2,0,0,0,0,2
35,10,松山,三沢,2,0,0,0,0,2
35,11,松山,花巻,1,4,0,0,0,7
35,12,松山,仙台,13,10,0,0,1,31
35,13,松山,秋田,2,0,0,0,0,3
35,14,松山,大館,0,0,0,0,0,0
35,15,松山,山形,0,0,0,0,1,1
35,16,松山,庄内,0,0,0,0,0,0
35,17,松山,福島,2,1,0,0,0,4
35,18,松山,羽田,642,238,5,124,91,1329
35,19,松山,八丈島,0,0,0,0,0,0
35,20,松山,新潟,1,1,3,3,0,14
35,21,松山,富山,1,3,0,0,1,9
35,22,松山,小松,2,7,0,2,3,19
35,23,松山,松本,1,0,0,0,0,3
35,24,松山,名古屋,48,91,2,13,32,222
35,25,松山,関西国際,217,229,9,392,182,1202
35,26,松山,鳥取,0,3,0,2,11,18
35,27,松山,米子,0,3,0,4,47,54
35,28,松山,出雲,0,5,1,2,17,28
35,29,松山,石見,0,0,1,1,1,3
35,30,松山,岡山,0,137,0,25,517,1027
35,31,松山,広島,0,22,252,45,263,608
35,32,松山,山口宇部,1,7,50,2,10,75
35,33,松山,徳島,0,13,0,33,2797,2897
35,34,松山,高松,0,227,1,64,4039,4319
35,35,松山,松山,0,0,0,4,2489,2573
35,36,松山,高知,0,12,0,48,3364,3454
35,37,松山,福岡,33,24,72,6,57,209
35,38,松山,長崎,3,7,7,4,4,35
35,39,松山,五島福江,0,0,0,0,0,0
35,40,松山,対馬,0,0,0,0,0,0
35,41,松山,熊本,4,9,7,4,5,31
35,42,松山,大分,0,3,96,2,8,67
35,43,松山,宮崎,2,5,8,0,21,39
35,44,松山,鹿児島,5,2,1,0,2,15
35,45,松山,奄美大島,1,0,0,0,0,1
35,46,松山,那覇,31,1,0,1,1,37
35,47,松山,石垣島,1,0,0,0,0,1
36,1,高知,稚内,0,0,0,0,0,0
36,2,高知,釧路,2,0,0,0,0,2
36,3,高知,函館,0,0,0,0,0,0
36,4,高知,旭川,1,0,0,0,0,1
36,5,高知,帯広,0,0,0,0,0,0
36,6,高知,根室中標津,0,0,0,0,0,0
36,7,高知,女満別,0,0,0,0,0,0
36,8,高知,新千歳,13,0,0,0,0,17
36,9,高知,青森,1,0,0,0,1,2
36,10,高知,三沢,1,0,0,0,0,1
36,11,高知,花巻,0,0,0,0,0,0
36,12,高知,仙台,5,3,0,1,2,12
36,13,高知,秋田,1,0,0,0,0,1
36,14,高知,大館,0,0,0,0,0,0
36,15,高知,山形,0,0,0,0,0,1
36,16,高知,庄内,0,0,0,0,0,0
36,17,高知,福島,3,0,0,0,0,4
36,18,高知,羽田,381,52,0,68,39,571
36,19,高知,八丈島,0,0,0,0,0,0
36,20,高知,新潟,5,1,0,0,0,6
36,21,高知,富山,0,2,0,0,0,3
36,22,高知,小松,3,3,0,3,2,12
36,23,高知,松本,0,0,0,0,0,1
36,24,高知,名古屋,20,22,0,16,13,84
36,25,高知,関西国際,114,65,2,187,69,467
36,26,高知,鳥取,0,1,0,1,7,8
36,27,高知,米子,0,2,0,0,19,21
36,28,高知,出雲,0,2,0,4,4,9
36,29,高知,石見,0,0,0,0,0,0
36,30,高知,岡山,0,56,1,24,95,175
36,31,高知,広島,0,36,4,16,50,115
36,32,高知,山口宇部,0,6,0,2,5,14
36,33,高知,徳島,0,40,0,19,1036,1097
36,34,高知,高松,0,64,0,58,1494,1628
36,35,高知,松山,0,12,0,42,3106,3160
36,36,高知,高知,0,0,0,1,188,189
36,37,高知,福岡,21,18,1,4,7,68
36,38,高知,長崎,2,0,0,0,1,3
36,39,高知,五島福江,1,0,0,0,0,1
36,40,高知,対馬,0,0,0,0,0,0
36,41,高知,熊本,5,10,0,0,4,19
36,42,高知,大分,0,0,9,1,20,77
36,43,高知,宮崎,0,2,1,0,3,6
36,44,高知,鹿児島,2,2,0,1,1,5
36,45,高知,奄美大島,1,0,0,0,0,1
36,46,高知,那覇,3,0,0,0,1,4
36,47,高知,石垣島,1,0,0,0,0,1
37,1,福岡,稚内,0,0,0,0,0,1
37,2,福岡,釧路,8,1,0,1,2,19
37,3,福岡,函館,13,5,0,0,2,21
37,4,福岡,旭川,9,1,0,0,2,14
37,5,福岡,帯広,5,4,0,0,0,9
37,6,福岡,根室中標津,0,0,0,0,0,0
37,7,福岡,女満別,4,0,0,0,0,4
37,8,福岡,新千歳,194,9,0,2,5,230
37,9,福岡,青森,16,8,0,0,1,28
37,10,福岡,三沢,8,1,0,0,11,19
37,11,福岡,花巻,8,9,0,1,2,25
37,12,福岡,仙台,85,34,0,3,9,138
37,13,福岡,秋田,16,1,0,0,1,23
37,14,福岡,大館,1,0,0,0,0,1
37,15,福岡,山形,8,2,0,1,1,12
37,16,福岡,庄内,3,0,0,0,0,3
37,17,福岡,福島,15,9,0,0,1,25
37,18,福岡,羽田,4014,1112,11,410,459,6522
37,19,福岡,八丈島,1,2,0,0,0,2
37,20,福岡,新潟,37,12,0,1,6,61
37,21,福岡,富山,19,30,0,1,59,114
37,22,福岡,小松,37,47,0,2,17,112
37,23,福岡,松本,12,12,0,0,1,31
37,24,福岡,名古屋,308,718,7,32,109,1258
37,25,福岡,関西国際,404,2517,104,97,459,3925
37,26,福岡,鳥取,0,15,0,3,8,29
37,27,福岡,米子,2,6,0,2,20,36
37,28,福岡,出雲,10,38,0,11,58,122
37,29,福岡,石見,0,6,0,0,97,103
37,30,福岡,岡山,0,436,0,7,99,590
37,31,福岡,広島,0,886,0,51,508,1520
37,32,福岡,山口宇部,0,562,2,160,5255,6039
37,33,福岡,徳島,12,23,1,8,318,369
37,34,福岡,高松,1,103,6,5,108,233
37,35,福岡,松山,33,25,67,15,141,376
37,36,福岡,高知,21,18,1,6,11,65
37,37,福岡,福岡,0,2300,2,1345,81246,85499
37,38,福岡,長崎,1,1299,311,595,9467,11693
37,39,福岡,五島福江,24,15,16,5,1,62
37,40,福岡,対馬,71,0,88,4,0,166
37,41,福岡,熊本,19,1246,4,581,18621,20510
37,42,福岡,大分,0,888,0,292,9681,10860
37,43,福岡,宮崎,153,115,0,177,2102,2653
37,44,福岡,鹿児島,23,928,0,188,1330,2506
37,45,福岡,奄美大島,39,9,0,2,0,50
37,46,福岡,那覇,479,14,0,4,16,546
37,47,福岡,石垣島,50,1,0,0,0,53
38,1,長崎,稚内,0,0,0,0,0,0
38,2,長崎,釧路,2,0,0,0,1,4
38,3,長崎,函館,1,0,0,0,0,1
38,4,長崎,旭川,2,1,1,0,1,6
38,5,長崎,帯広,1,0,0,0,0,1
38,6,長崎,根室中標津,0,0,0,0,0,0
38,7,長崎,女満別,2,0,0,0,0,2
38,8,長崎,新千歳,27,3,0,2,4,33
38,9,長崎,青森,2,3,0,3,0,5
38,10,長崎,三沢,1,0,0,0,0,0
38,11,長崎,花巻,1,1,0,0,0,2
38,12,長崎,仙台,9,15,0,2,3,26
38,13,長崎,秋田,3,0,0,0,0,3
38,14,長崎,大館,0,2,0,0,0,2
38,15,長崎,山形,2,2,0,0,1,5
38,16,長崎,庄内,0,0,0,0,0,0
38,17,長崎,福島,2,0,0,0,0,1
38,18,長崎,羽田,681,99,14,136,88,895
38,19,長崎,八丈島,0,0,0,0,0,0
38,20,長崎,新潟,8,8,0,0,0,17
38,21,長崎,富山,1,3,0,0,13,18
38,22,長崎,小松,3,2,0,0,1,7
38,23,長崎,松本,5,1,0,0,0,5
38,24,長崎,名古屋,93,78,12,16,27,203
38,25,長崎,関西国際,215,190,17,69,53,498
38,26,長崎,鳥取,0,4,0,2,1,6
38,27,長崎,米子,0,5,0,1,0,3
38,28,長崎,出雲,1,3,0,1,2,6
38,29,長崎,石見,0,0,0,0,0,0
38,30,長崎,岡山,0,20,0,1,16,33
38,31,長崎,広島,0,56,3,15,32,91
38,32,長崎,山口宇部,0,26,5,8,49,74
38,33,長崎,徳島,1,1,1,1,1,8
38,34,長崎,高松,1,21,0,1,2,14
38,35,長崎,松山,3,6,6,5,3,22
38,36,長崎,高知,2,1,0,0,1,5
38,37,長崎,福岡,2,1299,360,433,6126,7636
38,38,長崎,長崎,0,0,0,0,2872,2883
38,39,長崎,五島福江,0,0,0,0,0,1
38,40,長崎,対馬,0,0,0,0,0,0
38,41,長崎,熊本,1,31,117,40,340,512
38,42,長崎,大分,2,35,4,28,271,324
38,43,長崎,宮崎,3,13,2,16,61,92
38,44,長崎,鹿児島,2,55,4,12,128,181
38,45,長崎,奄美大島,2,1,0,0,0,4
38,46,長崎,那覇,67,3,2,4,4,43
38,47,長崎,石垣島,4,0,0,0,0,3
39,1,五島福江,稚内,0,0,0,0,0,0
39,2,五島福江,釧路,0,0,0,0,0,0
39,3,五島福江,函館,0,0,0,0,0,0
39,4,五島福江,旭川,0,0,0,0,0,0
39,5,五島福江,帯広,0,0,0,0,0,0
39,6,五島福江,根室中標津,0,0,0,0,0,0
39,7,五島福江,女満別,0,0,0,0,0,0
39,8,五島福江,新千歳,1,0,0,0,0,5
39,9,五島福江,青森,0,0,0,0,0,2
39,10,五島福江,三沢,0,0,0,0,1,1
39,11,五島福江,花巻,0,0,0,0,0,0
39,12,五島福江,仙台,0,0,0,0,0,2
39,13,五島福江,秋田,0,0,0,0,0,0
39,14,五島福江,大館,0,0,0,0,0,0
39,15,五島福江,山形,0,0,0,0,0,1
39,16,五島福江,庄内,0,0,0,0,0,0
39,17,五島福江,福島,0,0,0,0,0,1
39,18,五島福江,羽田,20,1,0,9,2,185
39,19,五島福江,八丈島,0,0,0,0,0,0
39,20,五島福江,新潟,0,0,0,0,0,2
39,21,五島福江,富山,0,0,0,0,5,5
39,22,五島福江,小松,0,0,0,0,0,0
39,23,五島福江,松本,0,0,0,0,0,1
39,24,五島福江,名古屋,3,0,0,4,3,37
39,25,五島福江,関西国際,10,16,0,1,14,95
39,26,五島福江,鳥取,0,0,0,0,0,0
39,27,五島福江,米子,0,0,0,0,1,4
39,28,五島福江,出雲,0,0,0,0,0,1
39,29,五島福江,石見,0,0,0,0,0,0
39,30,五島福江,岡山,0,0,0,0,2,7
39,31,五島福江,広島,0,0,0,0,8,22
39,32,五島福江,山口宇部,0,1,0,1,26,36
39,33,五島福江,徳島,0,0,0,0,0,0
39,34,五島福江,高松,0,1,0,1,0,13
39,35,五島福江,松山,0,0,0,0,0,3
39,36,五島福江,高知,1,0,0,0,0,0
39,37,五島福江,福岡,26,15,0,173,6151,6732
39,38,五島福江,長崎,0,0,0,0,0,0
39,39,五島福江,五島福江,0,0,0,0,0,0
39,40,五島福江,対馬,0,0,0,0,0,0
39,41,五島福江,熊本,0,2,0,16,125,153
39,42,五島福江,大分,1,0,0,2,395,409
39,43,五島福江,宮崎,1,0,0,3,52,57
39,44,五島福江,鹿児島,0,1,0,1,24,46
39,45,五島福江,奄美大島,0,0,0,0,0,1
39,46,五島福江,那覇,0,0,0,0,0,35
39,47,五島福江,石垣島,0,0,0,0,0,1
40,1,対馬,稚内,0,0,0,0,0,0
40,2,対馬,釧路,0,0,0,0,0,0
40,3,対馬,函館,0,0,0,0,0,0
40,4,対馬,旭川,0,0,0,0,0,0
40,5,対馬,帯広,0,0,0,0,0,0
40,6,対馬,根室中標津,0,0,0,0,0,0
40,7,対馬,女満別,0,0,0,0,0,0
40,8,対馬,新千歳,0,0,0,0,0,0
40,9,対馬,青森,0,0,0,0,0,0
40,10,対馬,三沢,0,0,0,0,0,0
40,11,対馬,花巻,0,0,0,0,0,0
40,12,対馬,仙台,0,0,0,0,0,2
40,13,対馬,秋田,0,0,0,0,0,0
40,14,対馬,大館,0,0,0,0,0,0
40,15,対馬,山形,0,0,0,0,0,0
40,16,対馬,庄内,0,0,0,0,0,0
40,17,対馬,福島,0,0,0,0,0,0
40,18,対馬,羽田,7,0,0,1,0,21
40,19,対馬,八丈島,0,0,0,0,0,0
40,20,対馬,新潟,0,0,0,0,0,0
40,21,対馬,富山,0,0,0,0,0,0
40,22,対馬,小松,0,0,0,0,0,0
40,23,対馬,松本,0,0,0,0,0,0
40,24,対馬,名古屋,0,2,0,3,0,11
40,25,対馬,関西国際,5,0,1,0,1,13
40,26,対馬,鳥取,0,0,0,0,0,0
40,27,対馬,米子,0,0,0,0,0,0
40,28,対馬,出雲,0,0,0,0,0,0
40,29,対馬,石見,0,0,0,0,0,0
40,30,対馬,岡山,0,0,0,0,0,1
40,31,対馬,広島,0,1,0,0,9,9
40,32,対馬,山口宇部,0,0,0,0,0,1
40,33,対馬,徳島,0,0,0,0,0,0
40,34,対馬,高松,0,0,0,0,0,1
40,35,対馬,松山,0,1,0,0,0,0
40,36,対馬,高知,0,0,0,0,0,1
40,37,対馬,福岡,73,1,26,5,1115,1129
40,38,対馬,長崎,0,0,0,0,0,0
40,39,対馬,五島福江,0,0,0,0,0,0
40,40,対馬,対馬,0,0,0,0,0,0
40,41,対馬,熊本,1,2,1,0,12,13
40,42,対馬,大分,1,0,0,0,11,11
40,43,対馬,宮崎,0,0,0,0,2,2
40,44,対馬,鹿児島,1,0,0,0,2,2
40,45,対馬,奄美大島,2,0,0,0,0,0
40,46,対馬,那覇,0,0,0,0,0,0
40,47,対馬,石垣島,0,0,0,0,0,0
41,1,熊本,稚内,0,0,0,0,0,0
41,2,熊本,釧路,0,0,0,0,0,1
41,3,熊本,函館,6,1,0,0,1,7
41,4,熊本,旭川,2,0,0,0,0,2
41,5,熊本,帯広,1,0,0,0,0,1
41,6,熊本,根室中標津,0,0,0,0,0,0
41,7,熊本,女満別,1,0,0,0,0,1
41,8,熊本,新千歳,31,1,1,2,3,39
41,9,熊本,青森,5,1,0,0,0,6
41,10,熊本,三沢,1,0,0,0,0,1
41,11,熊本,花巻,2,1,0,0,0,3
41,12,熊本,仙台,14,4,0,0,2,21
41,13,熊本,秋田,2,0,0,0,0,2
41,14,熊本,大館,0,0,0,0,0,0
41,15,熊本,山形,1,0,0,0,1,2
41,16,熊本,庄内,1,0,0,0,0,1
41,17,熊本,福島,2,0,0,0,0,2
41,18,熊本,羽田,876,102,1,90,119,1160
41,19,熊本,八丈島,0,0,0,0,0,0
41,20,熊本,新潟,5,2,0,0,2,9
41,21,熊本,富山,2,3,0,0,16,22
41,22,熊本,小松,6,11,0,0,2,21
41,23,熊本,松本,1,1,0,0,0,2
41,24,熊本,名古屋,114,61,3,25,39,233
41,25,熊本,関西国際,278,200,9,54,80,598
41,26,熊本,鳥取,0,3,0,2,0,6
41,27,熊本,米子,0,2,0,0,0,3
41,28,熊本,出雲,2,5,0,4,5,15
41,29,熊本,石見,0,0,0,0,1,1
41,30,熊本,岡山,0,22,0,8,11,44
41,31,熊本,広島,0,55,0,2,62,117
41,32,熊本,山口宇部,0,23,0,2,142,168
41,33,熊本,徳島,3,4,0,1,1,10
41,34,熊本,高松,0,14,0,0,2,18
41,35,熊本,松山,4,8,5,5,3,25
41,36,熊本,高知,2,10,0,1,2,15
41,37,熊本,福岡,19,1246,5,539,16201,18289
41,38,熊本,長崎,0,31,120,56,605,800
41,39,熊本,五島福江,0,2,0,1,0,3
41,40,熊本,対馬,1,2,4,0,0,7
41,41,熊本,熊本,0,0,0,0,0,12
41,42,熊本,大分,0,51,0,26,1879,1959
41,43,熊本,宮崎,0,6,0,58,1833,1898
41,44,熊本,鹿児島,0,366,2,24,2596,2993
41,45,熊本,奄美大島,7,6,0,1,0,13
41,46,熊本,那覇,80,6,0,5,10,100
41,47,熊本,石垣島,6,0,0,0,0,5
42,1,大分,稚内,1,0,0,0,0,0
42,2,大分,釧路,7,0,0,0,0,0
42,3,大分,函館,2,0,0,0,0,0
42,4,大分,旭川,1,0,0,0,0,0
42,5,大分,帯広,2,0,0,0,0,0
42,6,大分,根室中標津,0,0,0,0,0,0
42,7,大分,女満別,0,0,0,0,0,0
42,8,大分,新千歳,21,3,0,0,0,10
42,9,大分,青森,2,0,0,0,0,0
42,10,大分,三沢,1,0,0,0,0,0
42,11,大分,花巻,2,1,0,0,0,0
42,12,大分,仙台,6,6,0,0,0,0
42,13,大分,秋田,5,0,0,0,0,0
42,14,大分,大館,0,0,0,0,0,0
42,15,大分,山形,0,0,0,0,0,0
42,16,大分,庄内,0,0,0,0,0,0
42,17,大分,福島,1,3,0,0,0,3
42,18,大分,羽田,560,93,5,21,1,149
42,19,大分,八丈島,0,0,0,0,0,0
42,20,大分,新潟,7,2,0,0,0,13
42,21,大分,富山,3,5,0,0,9,10
42,22,大分,小松,3,4,0,0,0,4
42,23,大分,松本,3,1,0,0,0,0
42,24,大分,名古屋,42,56,4,1,5,42
42,25,大分,関西国際,101,242,96,5,6,104
42,26,大分,鳥取,0,2,0,0,0,0
42,27,大分,米子,0,4,0,0,1,1
42,28,大分,出雲,0,3,0,0,1,2
42,29,大分,石見,0,0,0,0,1,1
42,30,大分,岡山,0,48,0,0,30,32
42,31,大分,広島,0,89,13,0,13,31
42,32,大分,山口宇部,0,50,9,0,140,144
42,33,大分,徳島,1,4,1,0,0,0
42,34,大分,高松,0,5,4,0,0,2
42,35,大分,松山,0,3,92,0,0,1
42,36,大分,高知,0,0,9,0,0,0
42,37,大分,福岡,0,889,0,70,14738,15063
42,38,大分,長崎,0,35,0,1,252,258
42,39,大分,五島福江,1,0,0,0,0,0
42,40,大分,対馬,1,0,1,0,0,0
42,41,大分,熊本,0,51,0,0,483,495
42,42,大分,大分,0,0,0,0,49,52
42,43,大分,宮崎,0,117,0,0,555,566
42,44,大分,鹿児島,1,41,0,3,673,682
42,45,大分,奄美大島,0,0,0,0,0,0
42,46,大分,那覇,36,5,0,0,0,9
42,47,大分,石垣島,1,0,0,0,0,0
43,1,宮崎,稚内,0,0,0,0,0,0
43,2,宮崎,釧路,1,0,0,0,0,1
43,3,宮崎,函館,4,0,0,0,0,4
43,4,宮崎,旭川,1,0,1,0,0,2
43,5,宮崎,帯広,0,1,0,0,0,1
43,6,宮崎,根室中標津,0,0,0,0,0,0
43,7,宮崎,女満別,3,0,0,0,0,3
43,8,宮崎,新千歳,13,0,0,0,0,13
43,9,宮崎,青森,0,0,0,0,0,0
43,10,宮崎,三沢,1,0,0,0,0,1
43,11,宮崎,花巻,0,1,0,0,0,1
43,12,宮崎,仙台,5,8,0,0,0,16
43,13,宮崎,秋田,1,0,0,0,0,2
43,14,宮崎,大館,1,0,0,0,0,1
43,15,宮崎,山形,0,1,0,0,0,1
43,16,宮崎,庄内,0,0,0,0,0,0
43,17,宮崎,福島,1,1,0,0,0,2
43,18,宮崎,羽田,596,85,0,46,72,807
43,19,宮崎,八丈島,0,0,0,0,0,0
43,20,宮崎,新潟,1,2,0,0,0,3
43,21,宮崎,富山,2,2,6,1,7,18
43,22,宮崎,小松,3,2,0,0,2,6
43,23,宮崎,松本,0,0,0,0,1,1
43,24,宮崎,名古屋,84,19,2,5,17,127
43,25,宮崎,関西国際,278,41,36,25,53,429
43,26,宮崎,鳥取,0,1,0,1,1,3
43,27,宮崎,米子,0,1,0,0,1,2
43,28,宮崎,出雲,1,1,0,0,0,3
43,29,宮崎,石見,0,1,0,0,4,5
43,30,宮崎,岡山,2,6,0,1,5,15
43,31,宮崎,広島,7,19,0,10,14,59
43,32,宮崎,山口宇部,2,4,0,3,29,41
43,33,宮崎,徳島,2,3,1,3,2,13
43,34,宮崎,高松,2,2,1,0,9,17
43,35,宮崎,松山,2,4,8,0,0,18
43,36,宮崎,高知,0,2,1,0,2,9
43,37,宮崎,福岡,152,115,0,174,1095,1557
43,38,宮崎,長崎,3,13,1,16,89,126
43,39,宮崎,五島福江,1,0,0,0,0,1
43,40,宮崎,対馬,0,0,0,0,0,0
43,41,宮崎,熊本,0,6,0,56,1666,1728
43,42,宮崎,大分,0,117,0,0,1222,1337
43,43,宮崎,宮崎,0,0,0,0,382,386
43,44,宮崎,鹿児島,0,235,0,25,7925,8189
43,45,宮崎,奄美大島,6,6,0,0,0,12
43,46,宮崎,那覇,41,1,0,1,10,50
43,47,宮崎,石垣島,2,0,0,0,0,2
44,1,鹿児島,稚内,0,0,0,0,0,0
44,2,鹿児島,釧路,1,0,0,0,0,1
44,3,鹿児島,函館,5,0,0,0,0,5
44,4,鹿児島,旭川,3,1,0,0,1,6
44,5,鹿児島,帯広,1,0,0,0,0,1
44,6,鹿児島,根室中標津,0,0,0,0,0,0
44,7,鹿児島,女満別,4,0,0,0,0,4
44,8,鹿児島,新千歳,33,0,0,0,0,29
44,9,鹿児島,青森,1,0,0,0,0,1
44,10,鹿児島,三沢,1,0,0,0,0,1
44,11,鹿児島,花巻,1,1,0,0,0,2
44,12,鹿児島,仙台,9,5,0,1,1,14
44,13,鹿児島,秋田,0,0,0,0,0,0
44,14,鹿児島,大館,0,0,0,0,0,0
44,15,鹿児島,山形,1,1,0,0,0,2
44,16,鹿児島,庄内,0,0,0,0,0,0
44,17,鹿児島,福島,8,13,0,0,0,19
44,18,鹿児島,羽田,849,56,6,96,98,1117
44,19,鹿児島,八丈島,0,0,0,0,0,0
44,20,鹿児島,新潟,13,23,0,0,0,26
44,21,鹿児島,富山,3,0,1,1,2,6
44,22,鹿児島,小松,9,4,0,1,2,17
44,23,鹿児島,松本,3,0,0,0,0,2
44,24,鹿児島,名古屋,156,42,0,11,19,214
44,25,鹿児島,関西国際,390,105,17,73,78,708
44,26,鹿児島,鳥取,0,2,1,0,1,3
44,27,鹿児島,米子,0,0,0,0,0,0
44,28,鹿児島,出雲,1,2,0,0,0,4
44,29,鹿児島,石見,0,0,0,0,0,0
44,30,鹿児島,岡山,7,16,0,1,4,28
44,31,鹿児島,広島,10,64,0,2,16,92
44,32,鹿児島,山口宇部,0,29,0,2,31,58
44,33,鹿児島,徳島,2,2,0,2,2,10
44,34,鹿児島,高松,6,9,0,0,1,13
44,35,鹿児島,松山,5,2,1,0,2,14
44,36,鹿児島,高知,2,2,0,0,1,6
44,37,鹿児島,福岡,23,927,0,148,1094,2229
44,38,鹿児島,長崎,2,55,5,12,95,183
44,39,鹿児島,五島福江,0,1,0,0,0,1
44,40,鹿児島,対馬,1,0,0,0,0,1
44,41,鹿児島,熊本,0,366,2,25,2782,3177
44,42,鹿児島,大分,1,42,0,10,119,165
44,43,鹿児島,宮崎,0,235,0,27,4319,4584
44,44,鹿児島,鹿児島,0,4,0,6,1554,1567
44,45,鹿児島,奄美大島,0,0,0,0,0,0
44,46,鹿児島,那覇,54,0,138,0,0,210
44,47,鹿児島,石垣島,4,0,0,0,0,6
45,1,奄美大島,稚内,0,0,0,0,0,0
45,2,奄美大島,釧路,0,0,0,0,0,0
45,3,奄美大島,函館,0,0,0,0,0,0
45,4,奄美大島,旭川,0,0,0,0,0,0
45,5,奄美大島,帯広,0,0,0,0,0,0
45,6,奄美大島,根室中標津,0,0,0,0,0,0
45,7,奄美大島,女満別,0,0,0,0,0,0
45,8,奄美大島,新千歳,3,0,0,0,0,0
45,9,奄美大島,青森,0,0,0,0,0,0
45,10,奄美大島,三沢,0,0,0,0,0,0
45,11,奄美大島,花巻,0,0,0,0,0,0
45,12,奄美大島,仙台,0,0,0,0,0,1
45,13,奄美大島,秋田,0,0,0,0,0,0
45,14,奄美大島,大館,0,0,0,0,0,0
45,15,奄美大島,山形,0,0,0,0,0,0
45,16,奄美大島,庄内,0,0,0,0,0,0
45,17,奄美大島,福島,0,0,0,0,0,2
45,18,奄美大島,羽田,149,0,0,2,0,102
45,19,奄美大島,八丈島,0,0,0,0,0,0
45,20,奄美大島,新潟,2,0,0,0,0,0
45,21,奄美大島,富山,0,0,0,0,1,1
45,22,奄美大島,小松,0,0,0,0,0,0
45,23,奄美大島,松本,2,0,0,0,0,1
45,24,奄美大島,名古屋,25,1,0,0,0,26
45,25,奄美大島,関西国際,112,1,0,0,3,73
45,26,奄美大島,鳥取,0,0,0,0,0,1
45,27,奄美大島,米子,0,0,0,0,0,0
45,28,奄美大島,出雲,0,0,0,0,0,0
45,29,奄美大島,石見,0,0,0,0,0,0
45,30,奄美大島,岡山,0,0,0,0,0,1
45,31,奄美大島,広島,0,1,0,0,0,6
45,32,奄美大島,山口宇部,1,1,0,0,2,5
45,33,奄美大島,徳島,1,0,0,0,0,0
45,34,奄美大島,高松,1,0,0,0,0,4
45,35,奄美大島,松山,1,0,0,0,0,0
45,36,奄美大島,高知,1,0,0,0,0,0
45,37,奄美大島,福岡,39,9,0,21,95,162
45,38,奄美大島,長崎,2,1,0,2,5,9
45,39,奄美大島,五島福江,0,0,0,0,0,0
45,40,奄美大島,対馬,2,0,0,0,0,0
45,41,奄美大島,熊本,9,6,0,1,60,70
45,42,奄美大島,大分,0,0,0,0,21,29
45,43,奄美大島,宮崎,6,6,0,1,4431,4434
45,44,奄美大島,鹿児島,0,0,0,0,5,5
45,45,奄美大島,奄美大島,0,0,0,0,0,0
45,46,奄美大島,那覇,23,0,0,0,0,7
45,47,奄美大島,石垣島,1,0,0,0,0,0
46,1,那覇,稚内,0,0,0,0,0,0
46,2,那覇,釧路,8,0,0,0,0,8
46,3,那覇,函館,26,0,0,0,0,26
46,4,那覇,旭川,18,0,0,0,0,18
46,5,那覇,帯広,11,0,0,0,0,11
46,6,那覇,根室中標津,0,0,0,0,0,0
46,7,那覇,女満別,4,0,0,0,0,3
46,8,那覇,新千歳,71,0,0,0,0,66
46,9,那覇,青森,6,0,0,0,0,7
46,10,那覇,三沢,5,0,0,0,0,5
46,11,那覇,花巻,4,1,0,0,1,5
46,12,那覇,仙台,63,4,0,0,2,68
46,13,那覇,秋田,5,0,0,0,0,5
46,14,那覇,大館,3,0,0,0,0,3
46,15,那覇,山形,10,0,0,1,1,12
46,16,那覇,庄内,2,0,0,0,0,2
46,17,那覇,福島,5,1,0,0,0,6
46,18,那覇,羽田,2429,45,11,54,139,2604
46,19,那覇,八丈島,3,0,0,0,0,3
46,20,那覇,新潟,56,3,0,0,0,61
46,21,那覇,富山,10,1,0,0,1,12
46,22,那覇,小松,48,0,0,1,2,51
46,23,那覇,松本,3,0,0,0,0,3
46,24,那覇,名古屋,383,2,4,2,8,389
46,25,那覇,関西国際,928,22,4,18,71,1003
46,26,那覇,鳥取,7,0,0,1,2,10
46,27,那覇,米子,3,0,0,0,0,3
46,28,那覇,出雲,10,0,1,1,1,13
46,29,那覇,石見,0,0,0,0,0,0
46,30,那覇,岡山,48,3,0,2,5,52
46,31,那覇,広島,61,5,1,0,2,65
46,32,那覇,山口宇部,29,4,0,1,6,39
46,33,那覇,徳島,34,1,0,2,2,37
46,34,那覇,高松,20,0,0,0,0,19
46,35,那覇,松山,31,0,0,0,1,32
46,36,那覇,高知,3,0,0,0,1,4
46,37,那覇,福岡,484,13,0,3,11,490
46,38,那覇,長崎,67,2,3,3,8,64
46,39,那覇,五島福江,0,0,0,0,0,0
46,40,那覇,対馬,0,0,0,0,0,2
46,41,那覇,熊本,80,2,0,4,12,99
46,42,那覇,大分,35,2,0,2,11,50
46,43,那覇,宮崎,40,0,0,1,5,51
46,44,那覇,鹿児島,54,0,132,1,0,184
46,45,那覇,奄美大島,23,0,7,0,0,29
46,46,那覇,那覇,0,0,0,0,0,1
46,47,那覇,石垣島,0,0,0,0,0,0
47,1,石垣島,稚内,0,0,0,0,0,0
47,2,石垣島,釧路,0,0,0,0,0,0
47,3,石垣島,函館,0,0,0,0,0,0
47,4,石垣島,旭川,0,0,0,0,0,1
47,5,石垣島,帯広,0,0,0,0,0,0
47,6,石垣島,根室中標津,0,0,0,0,0,0
47,7,石垣島,女満別,0,0,0,0,0,1
47,8,石垣島,新千歳,3,0,0,0,0,6
47,9,石垣島,青森,0,0,0,0,0,0
47,10,石垣島,三沢,0,0,0,0,0,0
47,11,石垣島,花巻,1,0,0,0,0,0
47,12,石垣島,仙台,0,0,0,0,0,2
47,13,石垣島,秋田,0,0,0,0,0,0
47,14,石垣島,大館,0,0,0,0,0,0
47,15,石垣島,山形,1,0,0,0,0,0
47,16,石垣島,庄内,0,0,0,0,0,0
47,17,石垣島,福島,0,0,0,0,0,0
47,18,石垣島,羽田,150,1,0,3,0,141
47,19,石垣島,八丈島,0,0,0,0,0,0
47,20,石垣島,新潟,5,1,0,0,0,2
47,21,石垣島,富山,1,0,0,0,0,0
47,22,石垣島,小松,2,4,0,0,0,1
47,23,石垣島,松本,0,0,0,0,0,2
47,24,石垣島,名古屋,38,0,0,0,0,31
47,25,石垣島,関西国際,112,0,0,0,0,84
47,26,石垣島,鳥取,0,0,0,0,0,0
47,27,石垣島,米子,0,0,0,0,0,0
47,28,石垣島,出雲,0,0,0,0,0,0
47,29,石垣島,石見,0,0,0,0,0,0
47,30,石垣島,岡山,6,0,0,0,0,5
47,31,石垣島,広島,14,0,0,0,0,5
47,32,石垣島,山口宇部,2,0,0,0,0,2
47,33,石垣島,徳島,1,0,0,0,0,2
47,34,石垣島,高松,4,0,0,0,0,1
47,35,石垣島,松山,1,1,0,0,0,0
47,36,石垣島,高知,1,0,0,0,0,0
47,37,石垣島,福岡,48,1,0,0,0,32
47,38,石垣島,長崎,4,0,0,0,0,18
47,39,石垣島,五島福江,0,0,0,0,0,0
47,40,石垣島,対馬,0,0,0,0,0,0
47,41,石垣島,熊本,6,0,0,0,0,5
47,42,石垣島,大分,1,0,0,0,0,2
47,43,石垣島,宮崎,2,0,0,0,0,1
47,44,石垣島,鹿児島,3,0,0,0,0,2
47,45,石垣島,奄美大島,1,0,0,0,0,0
47,46,石垣島,那覇,0,0,0,0,0,0
47,47,石垣島,石垣島,0,0,0,0,0,0
