,àÆêÏ,ñkñ‘ëñ,ítì‡,óØñG,ñ‰ï ,ñºém,ïxó«ñÏ,ã˙òH,ë—çL,ç™é∫,éDñy,ìœè¨ñq,è¨íMÅEã‰ímà¿,é∫óñ,ä‚å©ëÚ,ëÍêÏ,ê[êÏ,ê√ì‡,îüäŸ,ç]ç∑,ê¬êX,ìÏïî,í√åy,â∫ñk,ê∑â™,ñkè„íÜïî,óºî÷,ã{å√,äòêŒÅEëÂëDìn,êÂë‰,êŒä™,å√êÏ,èHìcó’äC,ïƒë„êÏè„ó¨,ïƒë„êÏâ∫ó¨,óYï®êÏó¨àÊ,éRå`,èØì‡,ïƒëÚ,êVèØ,ïüìá,Ç¢ÇÌÇ´,åSéR,âÔí√,ëäëo,îíâÕ,êÖåÀÅEì˙óß,ìyâY,â∫äŸÅEå√âÕ,é≠ìà,âFìsã{,ë´óòÅEç≤ñÏ,ì»ñÿÅEè¨éR,ì˙åı,ìﬂê{,ëOã¥ÅEçÇçË,ãÀê∂ÅEëæìc,èaêÏÅEå·ç»,è¿ìcÅEóòç™,âYòa,êÏâz,éôã ÅEëÂó¢,íÅïÉ,êÁót,ëDã¥,à¿ñ[ÅEåNí√,ê¨ìc,23ãÊ,ëΩñÄ,ëÂìá,â°ïl,êÏçË,ëäñÕå¥,è¨ìcå¥,êVäÉ,í∑â™,è„âz,éOèÅEâç,ãõè¿,ë∫è„,ç≤ìn,ïxéR,çÇâ™,êVêÏ,ìvîg,â¡âÍ,î\ìoíÜïî,î\ìoñkïî,ó‰ñk,ìÏâz,ó‰ìÏ,çëíÜ,åSì‡,ã¨ñk,í∑ñÏ,èºñ{,è„ìc,î—ìc,êzñKÅEà…ìﬂ,äÚïå,ëÂä_,ìåîZ,â¬ñŒ,îÚëÀ,íÜïî,êºïî,ìåïî,ñºå√âÆ,ìåéOâÕ,ñLìc,íÜìÏê®,ñkê®,à…ê®éuñÄ,à…âÍ,ìåãIèB,ìÏïî,ìåñkïî,íÜïî,ãûìs,âFé°,ñkïî,ãTâ™,ìÏïî,ëÂç„,ç‰,ìåëÂç„,ñLíÜ,ê_åÀ,ìÚçË,îdñÅ,íAîn,íWòH,íOîg,ìﬁó«,ìÏòa,òaâÃéR,ìcï”,êVã{,ìåïî,êºïî,íÜïî,èºç],èoâ_,âvìc,ïlìc,ëÂìc,åßìÏ,í√éR,çLìá,îıå„,îıñk,éRå˚,â∫ä÷,âFïî,ä‚çë,ìøéR,îã,ìøìá,éOçD,ìÏïî,çÅêÏìåïî,çÅêÏêºïî,èºéR,êVãèïlÅEêºè,ç°é°,âFòaìá,î™î¶ïlÅEëÂèF,íÜâõ,î¶ëΩ,çÇî¶,à¿å|,ïüâ™,ñkã„èB,ãvóØïƒÅEëÂñ¥ìc,í}ñL,ç≤âÍ,ìÇí√,à…ñúó¢ÅEñkèº,í∑çË,ç≤ê¢ï€,å‹ìá,à…ñúó¢ÅEñkèº,ëŒîn,àÎäÚ,åFñ{,î™ë„ÅEà∞ñk,ìVëê,ãÖñÅ,ëÂï™,é¸ñhìÂ,ì˙ìcÅEãËéÏ,ç≤îå,ã{çË,ìsèÈÅEñkèîåß,âÑâ™,ì˙ìÏ,è¨ó—ÅEêºèîåß,é≠éôìá,êÏñkéFÅEã¯ñÿñÏ,ëÂåG,ëÂìá,ìÏéF,åFñ—,ìÏïî,íÜïî,ñkïî,ã{å√ÅEî™èdéR
àÆêÏ,Å|,Å|,Å|,Å|,Å|,Å|,Å|,5,4,1,701,5,20,5,15,67,95,,14,1,1,3,,,1,1,1,,,2,,,2,,,,1,,,0,1,,,,,,2,,,,,,1,,,0,,1,,3,,,,4,,,,3,1,,0,,,3,1,,,,,,,,,,,1,,,1,,,1,,,1,,1,,,1,,,,,1,1,2,4,,2,,1,,,,0,,,7,,,,,2,,,2,3,,,,,,2,,2,1,,0,,,,,,,,,,1,,,0,,,,,,1,,,,,,,,,,,,,,1,,,,,,,1,,,,,,0,,,,0,,,,0,,,,,2,,,,,,,,,
ñkñ‘ëñ,Å|,Å|,Å|,Å|,Å|,Å|,Å|,,1,,115,1,2,0,2,3,0,,1,,2,0,5,,,,,,,1,,,,,,,,,,,,,,,,,,,,,,,1,,,,,,,,,,,,,,,,,,,,,,,,,,,,,,,,,,,,,,,,,,,,,,,,,,,,,,,,,,,,,0,,,,,0,,,,,,,,,0,,,,,,,,,,,,,,,,,,,,,0,,,,,,,,,,,,,,,,,,,,,,,,,,,,,,,,,,,,,,,,,,,,,,,,,,,,,,,,,,
ítì‡,Å|,Å|,Å|,Å|,Å|,Å|,Å|,1,0,,56,0,2,,2,0,0,,3,,1,0,,0,0,,,,,0,,,,,,,,,,,,,,,,,,,,,,,,,,,,,,0,,,,,,,,1,2,,,,0,,,,,,,,,,,,,,,,,,,,,,,0,,,,,,,,,,,,,,,,,,,,,,,,,,,,,,,,,,,,,,,,,,,,,,,,,,,,,,,,,,,,,,,,,,,,,,,,,,,,,,,,,,,,,,,,,,,,,0,,,,,,,,,,,,,,,,,,
óØñG,Å|,Å|,Å|,Å|,Å|,Å|,Å|,,1,,14,,,,,,,,,,,,,,0,,,,,,,,,,,,,0,,,,,,,,,,,,,,,,,,,,,,,,,,,,,,,,,,,,,,,,,,,,,,,,,,,,,,,,,,,,,,,,,,,,,,,,,,,,,,,,,,,,,,,,,1,,,,,,,,,,,,,,,,,,,,,,,,,,,,,,,,,,,,,,,,,,,,,,,,,,,,,,,,,,,,,,,,,,,,,,,,,,,,,,,,
ñ‰ï ,Å|,Å|,Å|,Å|,Å|,Å|,Å|,,0,,35,0,1,0,1,,0,,,,,,,,,,,,,0,,,,,,,,,,,,,,,,,,,,,,,,,,,,,,,,,,,,,,,,,,,,,,,,,,,,,,,,,,,,,,,,,,,,,,,,,,,,,,,,,,,,,,,,,,,,,,,,,1,,,,,,,,,,,,,,,,,,,,,,,,,,,,,,,,,,,,,,,,,,,,,,,,,,,,,,,,,,,,,,,,,,,,,,,,,,,,,,,,
ñºém,Å|,Å|,Å|,Å|,Å|,Å|,Å|,,,,79,0,3,1,3,0,,,1,,2,,,,,,,,,,,,0,,,,,,,,,,,,,,,,,,,,,,,,,,,,,,,,,,,1,,,,,,,,,,,,,,,,,,,,,,,,,,,,,,,,,,,,,,,,,,,,,,,,,,,,,,,,,,,,,,,,,,,,,,,,,,,,,,,,,,,,,,,,,,,,,,,,,,,,,,,,,,,,,,,,,,,,,0,,,,,,,,,,,,,,,,,,,,,,
ïxó«ñÏ,Å|,Å|,Å|,Å|,Å|,Å|,Å|,1,1,,23,,,1,,,2,,0,,,,,,,,,,,,,,,,,,,,,,,,,,,,,,,,0,,,,,,,,,1,1,,,,,,,2,,,,,,,,,,,,,,,,,,,,,,,,,,,,,,,,,,,,,,,,,,,,,,,,,,,,,,,,,,,,,,,,,,,,,,,,,,,,,,,,,,,,,,,,,,,,,,,,,,,,,,,,,,,,,,,,,,,,,,,,,,,,,,,,,,,,,,,,,,,
ã˙òH,5,,1,,,,1,Å|,Å|,Å|,262,6,5,5,3,5,,,7,0,5,2,,0,2,,,,,1,,,1,,,,0,,0,0,0,,,,,,,,,,2,,,,,2,,,,1,,,,1,,,,1,,,2,,,,2,,,,,,,0,,,,1,,,0,,,,,,0,,0,,,1,,0,,,,,0,0,,0,1,,,,,1,,,,,,,,,,,,1,,,,,,1,,,,,,,,,,,,,,,1,,,0,,,,,,,,,,,,,,,,,,,,,1,,,0,,,,,,,,,,,,,0,,,,,,,,,0,,,,,,,,,
ë—çL,4,1,0,1,0,,1,Å|,Å|,Å|,402,5,10,3,7,0,,0,10,,2,5,,,0,,,,,1,,,0,0,1,,,1,,,,,,,1,,0,1,,,,,,,0,,,,,,,,,,1,,,7,,,1,,,,,1,,,,,,,,,,0,,,1,,,1,,,0,,4,,,,,,,,0,0,1,2,0,2,0,,,,,,,,3,,0,,,1,2,,,0,0,0,,,,1,,,,,,0,,,,,,,1,,,0,,,,,,3,,,,,,,,,,,,,,,,1,1,2,,,,,,,,,,,,,,,,,,,1,,,,,,,,,,,,,,
ç™é∫,1,,,,,,,Å|,Å|,Å|,19,,3,,0,,,,,,,1,,,0,,,,,,,,,,,,,,,,,,,,,,,,,,,,,,,,,,,,,,,,,,,,,,,,,,,,,,,,,,,,,,,,,,,,,,1,,,,,,,,,,,,,,,,,,,,,,,,,,,,,,,,,,,,,,,,,,,,,,,,,,,,,,,,,,,,,,,,,,,,,,,,,,,,,,,,,,,,,,,,,,,,,,,,,,,,,,,,,,,,,,,,
éDñy,701,115,56,14,35,79,23,262,402,19,Å|,Å|,Å|,Å|,Å|,Å|,Å|,Å|,528,19,20,19,9,0,10,0,0,,,5,,,2,0,0,,1,0,,,4,,1,,,3,12,0,,,11,,2,0,6,14,,,,13,2,0,,1,3,,13,16,,,51,0,,1,0,1,,,3,,,1,,,,,1,,2,,,,1,,0,,7,,4,3,,,,,7,4,3,1,0,2,0,,,,,5,0,,21,1,,0,0,6,,1,2,3,4,,0,,,3,,1,,1,,,0,2,,,,,4,,2,,,0,,,,2,,0,,,0,,1,1,,,,,,,,0,3,,,4,,0,3,,,,,,,1,,,1,,,,,,0,,,0,,,,,,,,,
ìœè¨ñq,5,1,0,,0,0,,6,5,,Å|,Å|,Å|,Å|,Å|,Å|,Å|,Å|,15,1,0,2,,,0,,1,,,,0,,,,,0,,,,,,,,,,,,,,,,,2,,,,,,,,,,,,0,,,,,,3,,,,,,,,,,,,,,,,,,,,,,,,,,,,,,,,,,,,,,,,,,,,,,,,3,,,,,,,,,,,,,,,,,,,,,,,,,,,0,,,,,,,,,,,,,,,,,,,,,,,,,,,,,,,,,,,,,,,,,,,,,,,,,,,,,,,,,,,,,
è¨íMÅEã‰ímà¿,20,2,2,,1,3,,5,10,3,Å|,Å|,Å|,Å|,Å|,Å|,Å|,Å|,5,,1,0,0,1,0,,,,,,,,1,,,0,,,,,,,,,,,2,,,,2,,,,,,,,,,,,,,,,,1,,,,,2,,,,,,,,,,,,,,,,,,,2,,,,,,,,,,,,,,,,,,,,,3,,,,,,5,,,,,,,,,,,,,,,,,,,1,,,,0,,,,,,,,,,,,,,,,,,,,,,,,,,,,,,,,,,,,,,,,,,,0,,,,,,,,,,,,,,,,,,,,,,
é∫óñ,5,0,,,0,1,1,5,3,,Å|,Å|,Å|,Å|,Å|,Å|,Å|,Å|,28,,5,1,1,,2,,,0,,2,0,,1,1,,,,0,,,,,,,,,,,,,,,,,,,,,,,1,,,,0,,1,12,2,,2,1,,,,,,,,,,,,,,,,,,,,,,,,,,,,,,1,,,,,,1,,,,,,,,,,,0,,0,,,1,1,,,0,,,,,,,,,,,,,,,,,,,,,,0,,,,,,,,,,,,,,,1,,,,,,,,1,,,,,,,,,,,,,,,,,,,,,,,,,,,,,,,,,,
ä‚å©ëÚ,15,2,2,,1,3,,3,7,0,Å|,Å|,Å|,Å|,Å|,Å|,Å|,Å|,12,1,,,,,,,,,,,,,,,,,,,,0,,,,,,,5,,,,,,,,,,,,,,,,,0,,,4,4,,,,2,,,,,,,,,,,,,,1,,,,,,,,,,,,,,,,,,,0,,1,,,,,,,,,,,,4,,,,,,,,,,,,,,,,,,,,,,,,,,,,,,,,,,,,,,,,,,,,,,,,,,,,,,,,,,,,,,,,,,,,,,,,,,,,,,,,,,,,,,,,
ëÍêÏ,67,3,0,,,0,,5,0,,Å|,Å|,Å|,Å|,Å|,Å|,Å|,Å|,3,,1,,,,,,,,,,,,,,,,,,,,,,,,,,,,,,,,,,,,,,,2,,,,,1,0,,8,1,,1,2,,,,,,,,,,,,,,,,,,,,,,,,,,,,,,,,,,13,,,,,,,,,,,,,7,,,,,,1,,,,,,,,,,,,,,,,,,,,,,,,,,,,,,,,,,,,,,,,,,,,,,,,,,,,,,,,,,,,,,,,,,,,,,,,,,,,,,,,,,
ê[êÏ,95,0,0,,0,,2,,,,Å|,Å|,Å|,Å|,Å|,Å|,Å|,Å|,1,,,,,,,,,,,,,,,,,,,,,,,,,,,,,,,,,,,,,,,,,,,,,,,,,9,,,,,,,,,,,,,,,,,,,,,,,,,,,,,,,,,,,,,,,,,,,,,,,,,,,,,,,,,,,,,,,,,,,,,,,,,,,,,,,,,,0,,,,,,,,,,,2,,,,,,,,,,,,,,,,,,,,,,,,,,,,,,,,,,,,,,,,,,,,,,
ê√ì‡,,,,,,,,,0,,Å|,Å|,Å|,Å|,Å|,Å|,Å|,Å|,1,,,,,,,,,,,,,,0,,,,,,,,,,,,,,,,,,,,,,,,,,,,,,,,,,,,,,,,,,,,,,,,,,,,,,,,,,,,,,,,,,,,,,,,,,,,,,,,,,,,,,2,,,,,,,,,,,,,,,,,,,,,,,,,,,,,,,,,,,,,,,,,,,,,,,,,,,,,,,,,,,,,,,,,,,,,,,,,,,,,,,,,,,,,,,,
îüäŸ,14,1,3,,,1,0,7,10,,528,15,5,28,12,3,1,1,Å|,Å|,147,38,28,11,21,2,1,1,2,16,2,1,4,6,2,3,2,0,3,,0,,5,,,0,1,0,0,,2,,0,0,1,2,0,1,,8,1,,,2,1,1,,31,6,,9,0,1,,1,,0,,,,,0,0,,,,,,,,,1,,,2,,,,0,1,,,,,0,,2,0,,2,,,,,,0,,,2,,,,,2,2,,4,2,,,,,,1,,,,,,,,,,,,,1,,0,,,,,,,,,0,,,0,,,,,,,,,,,2,2,,,,,,0,,,,,,1,,,,,,,,,,,,,,,,,,,,,,
ç]ç∑,1,,,,,,,0,,,19,1,,,1,,,,Å|,Å|,2,3,0,,,,,,,,,,,,,,,,,,,,1,,,,,,,,,,,,,,,,,,,,,,,,,4,,,,0,,,,,,,,,,,,,,,,,,,,,,,1,,,,,,,,,,,,,,,,,,,,,,,,,,,,,,,,,,,,,,,,,,,,,,,,,,,,,,,,,,,,,,,,,,,,,,,,,,,,,,,,,,,,,,,,,,,,,,,,,,,,,,,,,,,,,,,,
ê¬êX,2,2,0,,,2,,4,2,,20,0,1,5,,1,,,147,2,Å|,Å|,Å|,Å|,66,1,8,1,,119,0,0,14,3,2,1,7,4,4,,7,,3,1,,2,2,1,0,,11,,1,,0,2,0,,,20,9,1,,9,12,1,4,101,14,,12,3,7,0,1,7,,,,0,,,,,,0,,,1,1,,3,,,1,0,1,,0,0,,,,,3,1,1,6,,2,0,1,,,,1,,,1,,0,,,3,0,,,1,,,,,,1,,,,,0,,,0,,,,,1,,0,,,0,,,,,,0,,,,,0,,,,,0,0,,,3,5,,,,,,1,2,,,,,1,,,,0,,,,,,,,,0,,,,,,0,,,
ìÏïî,3,0,0,,,,,2,5,2,18,2,0,1,,,,,38,3,Å|,Å|,Å|,Å|,133,8,5,,4,246,5,0,14,0,1,5,11,7,0,,8,5,6,,13,2,17,10,1,,3,,1,0,14,11,1,,,41,28,1,,25,43,,9,356,23,,42,12,39,2,,2,,,,,,4,1,,,3,,,,,,1,,,2,1,1,3,3,5,2,,,,3,2,13,3,,3,1,,0,0,1,,,,6,,,,,7,1,,1,1,,2,,,,2,,,,,,,,,,,,,4,,1,,,,,,0,,,1,,,1,0,0,,,,,,,,,1,,,,,,,,,,,,,,,,,,,,,,,,,,,,,,,,,,,
í√åy,,5,,,,,,,,,9,,0,1,,,,,28,0,Å|,Å|,Å|,Å|,9,,0,0,,49,1,0,8,2,1,1,0,0,1,0,2,,0,,,12,,1,0,,1,,,,6,0,,,,15,2,1,,2,8,1,0,50,7,,3,1,1,,0,0,0,,,,,1,,,,,,,,,,,0,,0,,0,,,,,,,,2,1,0,1,,0,,,,,,,,,1,,,,,0,,,0,,,,,,,,,,,,,,,,,,,,1,,,,,,,,,,,,,,,,,,,,,,,,,,,,,,,,,,,,,,,,,,,,,,,,,,,,,,,,,,,,
â∫ñk,,,0,,,,,0,,,0,,1,,,,,,11,,Å|,Å|,Å|,Å|,3,,,,,22,,,0,,,,,,,,0,,,,3,,,1,,,0,,,,0,1,0,,,4,,0,,4,5,,2,31,1,,2,2,3,1,,1,2,,,0,,,,,,,,,,,0,,,,,0,1,,,,,,,,1,,2,,,,,,,,,,,,1,,0,,,1,,,,,,,,,,,,,,,,,,,,,1,,,,1,,,,,,,,,,,,,,,,,,,,,,,,,,,,,,,,,,,,,,,,,,,,,,,,,,,,,,,,,,
ê∑â™,1,,0,0,,,,1,0,0,10,0,0,2,,,,,21,,66,133,9,3,Å|,Å|,Å|,Å|,Å|,524,7,1,69,1,3,27,27,0,3,1,21,2,31,1,,1,2,16,,0,9,2,1,,4,19,2,,,87,32,5,,26,57,4,23,477,57,,57,17,20,5,7,2,1,1,,,,1,,,1,3,,,0,,,2,1,,3,,2,,3,1,,,,,7,6,2,13,,5,1,3,0,,,1,,2,14,,,,,7,0,1,2,2,0,,,,,1,,,,0,0,,,0,,,,,1,1,3,,,0,,,,0,,1,,,0,1,2,1,,,,,,,,0,2,,,1,,,1,,,,,,1,,,,1,,,,1,,,,,0,,,,,,1,,,
ñkè„íÜïî,1,,,,,,,,,,0,,,,,,,,2,,1,8,,,Å|,Å|,Å|,Å|,Å|,147,,4,1,,,1,1,,1,,11,,2,1,1,0,2,17,2,,5,,4,,1,6,3,,,40,13,4,,18,14,3,8,146,34,,13,13,19,2,0,,,,,,,1,,,,0,,,,,2,7,1,,1,,0,,,6,,,,,,1,4,6,0,6,3,4,,,,0,,,4,,,,,2,,1,,4,,,,,,,,0,,,,,,,,,,,0,,2,,,,,,,,,,,,,,,,,1,,,,,,2,1,,,,,,,,,,,,,,,,,,,,,,,,,,,,,,,,,,
óºî÷,1,,,,,,,,,,0,1,,,,,,,1,,8,5,0,,Å|,Å|,Å|,Å|,Å|,39,2,5,,,1,,2,,,,1,1,1,,1,,1,,1,,1,,,,,,,,,13,6,2,,,13,0,2,64,10,,10,12,5,,2,3,,,1,,,1,,,,,,,,,,1,,,,,,,,,,,0,,,,1,1,,,,1,,,,,,0,,,,,,1,,,,,0,,,,,1,,,,,,,,,,,,,,,1,,,,,,,,,,,,0,,,,,,,,0,,,,,,,,,,,,,,,,,,,,,,,,,,,,,,,,,,,,,,
ã{å√,,,,,,,,,,,,,,0,,,,,1,,1,,0,,Å|,Å|,Å|,Å|,Å|,7,,,,,,,1,,0,,1,,,,,,2,,,,,,,,,,,,,4,3,,,1,2,,1,26,1,,10,5,3,,,,,,,,,,,,,,,,,,,,,,0,,,,,,,,,,,,2,0,,,,,,,,,,,,,,,,,,,,,,,,,,,,,,,,,,,,,,,,,,,,,,,,,,,,,,,,,,,,,,,,3,,,,,,,,,,,,,,,,,,,,,,,,,,,,,,,,,,,
äòêŒÅEëÂëDìn,,,,,,,,,,,,,,,,,,,2,,,4,,,Å|,Å|,Å|,Å|,Å|,26,,,1,,,1,,,4,,1,1,,,,,,2,,,1,,,,1,,,,,6,6,0,,1,6,,4,62,4,,6,2,3,1,,,,,,,,,,,,,,,,,,1,,,,,,,,,,,0,,4,1,,,,1,,,,,,,,1,,,,,,2,,,,,,,,,,,,,,,,,,,,,,,,,,,,0,,,,,,,,,,0,,,,,,,,,,0,2,,,,,,,,,,,,,,,,,,,,,,,,,,,,,,,,,,
êÂë‰,2,1,0,,0,,,2,2,,5,,,2,,,,,16,,119,246,49,22,524,147,39,7,26,Å|,Å|,Å|,166,11,6,55,6,,45,,289,29,337,20,3,80,43,35,20,4,69,23,60,5,11,28,32,4,2,265,99,9,3,132,205,1,56,"1,912",272,,274,101,166,10,14,8,4,,5,,,1,0,3,1,3,0,,4,0,2,51,7,19,6,24,3,1,18,3,1,0,1,0,20,15,30,28,9,11,2,2,3,1,,3,2,1,13,14,,0,,26,0,5,2,12,0,12,,,,5,,1,,0,1,,,1,0,,,,8,,21,4,,1,,2,,1,,0,,,12,,0,0,3,,,2,1,,,1,18,,,1,,,10,0,,1,,,1,1,,,3,,,,2,,6,,,1,4,,,,,2,,,
êŒä™,,,,,,,,,,,,0,,0,,,,,2,,0,5,1,,7,,2,,,Å|,Å|,Å|,1,,,2,,,,,8,1,0,,,3,2,2,,,,,,,,2,1,,,15,6,3,2,8,18,0,5,99,12,,8,12,5,4,2,,,,,,,,,,,,,,,,,,,,,,,,,1,,0,0,,7,3,5,,0,2,,,,,,0,,,2,,,,,,1,,1,,,,,,,0,,,,,,,,,,,,,1,,,,,,,,,1,,,,,,,0,,,,,,,,,,,,,,,,,,,,,,,,,,,,,,,,,,,,,,,,,,,,
å√êÏ,,,,,,,,,,,,,,,,,,,1,,0,0,0,,1,4,5,,,Å|,Å|,Å|,3,,,,,,,,6,,2,,,4,1,1,,,0,27,1,,,,1,,,10,6,,,3,10,2,6,134,7,,17,14,6,3,,2,,,,,,,,1,,1,,,1,,,,,,1,0,,,,,,,1,,1,1,7,1,,7,,,,,,1,,,1,1,,,,1,1,1,,0,1,,0,,,2,,,,,,,,,,,,,,,0,,,,,,1,,,,,,,,,0,,,,,,,,,,,,,,,,,,,,,,,,,,,,,,,,,,,,,,,,1,,,
èHìcó’äC,2,,,,,0,,1,0,,2,,1,1,,,,0,4,,14,14,8,0,69,1,,,1,166,1,3,Å|,Å|,Å|,Å|,6,4,,0,8,1,8,1,3,2,2,4,,2,1,0,0,,0,6,,,0,68,8,3,,5,22,6,7,172,34,,18,3,8,,11,1,1,0,,0,,0,0,,,0,,,,,,0,,,3,1,0,,1,0,,,,,2,3,6,13,,3,,,0,,,,,,0,,0,,,1,,,,0,,,0,,,1,,,,,,,,,,,,,0,,1,,,,,,,,,,,,,1,,,,,,,,,,,,,,,,,,,,,,,0,,,,0,,,,0,,0,,,,,,,,,0,,,
ïƒë„êÏè„ó¨,,,,,,,,,0,,0,,,1,,,,,6,,3,0,2,,1,,,,,11,,,Å|,Å|,Å|,Å|,,0,,,1,,,,,,,,,,9,,,,,0,0,,,4,1,,,2,4,,1,16,2,,5,0,4,,0,,,,0,0,,,,,,,,,,,,,,,,1,,,,,,,1,,,1,1,0,1,0,,,,,,,,,,,,,,,,,,,,,,,,,,,,,,,,,,,,,1,,1,,,,,,,,,,,,,,0,,,,,,,,,,,,,,,,2,,,,,,,,,,,,,,,,,,,,,,,,,,,,
ïƒë„êÏâ∫ó¨,,,,,,,,,1,,0,,,,,,,,2,,2,1,1,,3,,1,,,6,,,Å|,Å|,Å|,Å|,,0,,,,,,,,,0,,0,,,,0,,,,,,,2,2,,,,1,,,8,1,,2,,1,,0,1,,,,,,,,,,,,,,,,0,,,,,,,,,,,,,,0,2,,,,,,,,,,,,0,,,,,,,,,,,,,,,,,,,,,,,,,,,,,,,,,,,,,,,,,,,,,,,,,,,,,,,,,,,,,,,,,,,,,,,,,,,,,,,,,,,,,,,,
óYï®êÏó¨àÊ,,,,,,,,,,,,0,0,,,,,,3,,1,5,1,,27,1,,,1,55,2,,Å|,Å|,Å|,Å|,,,,,2,,2,,1,5,2,,,1,1,,0,,0,1,,,,13,11,3,,8,12,0,5,114,22,,7,13,13,1,2,0,,,,,,,0,,,,,,1,,,,,,,,,,1,1,,,,,0,2,1,0,,1,,1,,,1,1,,,7,1,,,,0,,,,0,,,,,,1,,,,,,,,,,,,,6,,,,,,,,,,,,,,,,,,,,,,,,,,1,,,,,,,,,,,,,,,,,,,,,,,,,,,,,,,,,,
éRå`,0,,,,,,,4,,,4,,,,,,,,2,,6,9,5,,27,1,2,1,,6,,,6,,,,Å|,Å|,Å|,Å|,5,,3,0,,1,14,1,1,,36,,19,1,0,4,8,2,,52,19,2,,28,47,2,24,398,46,,47,21,30,10,0,1,1,,,,,1,1,,0,2,,,2,1,,5,,1,6,1,2,,,1,,1,,0,7,1,6,5,1,6,,1,,2,,1,,,9,1,1,,,4,,,2,1,1,1,,,,4,,,,,0,,,,,,,,1,,1,1,,1,0,,,,,0,,,1,,,0,,,,0,,,,2,,,,1,,,0,1,,,,,0,,,,0,,,,1,,,,,1,,,,,,0,,,
èØì‡,,,,0,,,,,0,,0,,,0,,,,,0,,4,6,0,,0,,,,,,,,4,0,0,,Å|,Å|,Å|,Å|,3,,7,,,1,0,1,,,6,,,,,3,0,,,14,7,4,,4,12,1,9,56,21,,7,4,5,2,30,,4,1,1,31,,0,,0,,1,,,,0,,1,1,,3,,0,,1,,,,,,2,8,3,1,,2,1,,,,0,,0,,2,,0,,,1,,,1,0,0,,,,,,,,,,,4,,,,,,,,,,7,,,,,,,,,,,,,,,,,,,,,,0,,,,,,,0,,,,,,,,,,,,,,,,,,,,,,,,,,,,
ïƒëÚ,,,,,,,,0,,,,,,,,,,,3,,3,0,1,,3,1,,0,4,45,,,,,,,Å|,Å|,Å|,Å|,6,,0,0,,,1,,1,,2,,2,,1,6,,,,29,4,,,13,15,1,4,135,20,,26,8,12,1,,,,,,,,1,0,,,,,,,,,2,,1,,1,1,,,,,,,,3,2,2,4,1,2,0,2,,,,1,,,0,1,,,,4,1,0,,,0,1,,,0,1,,,,,1,,,2,,,,,1,1,2,0,,,,,,,,,,,,,,,,,,,,,,1,,,0,,,1,,,,,,,,,,,,,,,,,,,,,,,,,,,,,
êVèØ,1,,,,,,,0,,,,,,,0,,,,,,,,0,,1,,,,,,,,0,,,,Å|,Å|,Å|,Å|,6,,1,,,,0,2,,,,,,,,,,,,10,4,,,3,4,0,1,54,12,,1,1,14,1,,,,,1,,,,,1,,2,,,,,,,,4,,,2,,,,,,,,2,,1,,,,,,,,,,,,,,,,,,,,,,,,,,,,,,,,,,,,,,,,,,,1,,,,,,,,,,,,,,,,,,,,,,1,,,,,,,,,,,,,,,,,,,,,,,,,,,,,,,,,,,
ïüìá,1,,,,,,,1,,,4,,,,,,,,0,,7,8,2,0,21,11,1,1,1,289,8,6,8,1,,2,5,3,6,6,Å|,Å|,Å|,Å|,Å|,Å|,1,6,,,16,2,24,,2,11,4,,0,86,16,3,,5,83,1,6,352,55,,57,37,18,4,0,4,0,,,,,0,,1,3,1,,,4,0,,3,1,0,2,5,3,,,3,1,,1,,1,3,7,2,,4,1,3,2,,,4,,,4,0,,,,13,2,,,7,4,1,,,,5,,,,,1,1,,1,0,,,,1,,2,,,1,2,,,,,2,,,2,,1,,,,,0,,,,3,,1,,1,,,0,,,,,,2,,,,1,,,2,0,,,,,,,,,,,2,,,
Ç¢ÇÌÇ´,,,,,,,,,,,,,,,,,,,,,,5,,,2,,1,,1,29,1,,1,,,,,,,,Å|,Å|,Å|,Å|,Å|,Å|,35,9,2,,,,,,,,,,,26,8,1,,8,35,2,7,238,23,,22,18,24,1,,,0,,1,,,,,,,0,,1,1,,0,2,1,,0,2,0,,,2,,,,,1,1,6,11,1,9,,1,1,,,2,,,7,,0,,,7,5,4,3,5,3,,,,,,,,0,,,,,2,,,,,2,,4,,,,,,,5,,,,,2,3,,3,,,,,,,,3,1,,,,,,1,0,,,,,0,,,,,,,,,,0,,,,,,,,,,,0,
åSéR,,,,,,,,,,,1,,,,,,,,5,1,3,6,0,,31,2,1,,,337,0,2,8,,,2,3,7,0,1,Å|,Å|,Å|,Å|,Å|,Å|,,9,4,,54,9,20,,8,5,,1,5,161,39,7,,17,102,3,9,607,58,,62,29,54,6,1,,1,,,0,,,0,,,2,,,1,1,,2,1,,5,7,5,,,1,,2,,,1,1,9,11,7,7,0,2,0,,,0,,,7,3,0,,,11,1,1,3,1,2,0,,,,10,,1,,,,0,,1,,,,,5,3,6,1,,2,,,3,0,,,,,1,1,1,0,,,,,,,,5,,,,,,,,,,,,,,,,,2,3,,,,1,0,,,10,,,,,,,,,
âÔí√,,,,,,,,,,,,,,,,,,,,,1,,,,1,1,,,,20,,,1,,,,0,,0,,Å|,Å|,Å|,Å|,Å|,Å|,1,29,,,,,,0,,,,1,,63,20,1,,5,17,,4,138,52,,19,13,16,,,,,,,,,,,,,0,,,,,,1,2,,,,4,,,,3,2,,,1,,2,6,4,3,,2,,,1,,,,2,4,1,,,5,,,1,2,,2,,,,,,1,,,,,,,,,,,1,,1,1,,,,,,,,,,,,,,,,,,,,,,0,1,0,,,,,,,,,,,,,,,1,,,,,,,,,2,,,,,,1,,,
ëäëo,,,,,,,,,0,,,,,,,,,,,,,13,,3,,1,1,,,3,,,3,,,1,,,,,Å|,Å|,Å|,Å|,Å|,Å|,7,4,2,,,,,,,1,,,,19,6,,,15,10,,3,140,12,,40,5,10,,,,,,,,,,,,,,,,,1,0,,,,,,,,2,,,,,1,1,1,4,2,,7,,,,,,,,,1,,0,,,3,1,1,,,,1,,,,1,,,,,,,,1,,,,,,,1,,,,,,,2,,,,,,,,,,,,,,,,1,,1,,,,,,,,,,,,,,,,,,,,,,,,,,,,,,,,,
îíâÕ,,,,,,,,,,,3,,,,,,,,0,,2,2,12,,1,0,,,,80,3,4,2,,,5,1,1,,,Å|,Å|,Å|,Å|,Å|,Å|,1,3,6,,0,,6,,,3,,,,83,31,,,19,23,1,4,232,29,,41,8,20,0,2,1,,,1,,,,,,,1,,,,4,,2,,,,,,,2,,,,3,,,4,1,,4,2,,,,,,,,3,3,,0,,,4,,,1,1,,2,,,,1,,,,,,,,,,,,,1,,1,1,,1,,,,,,,,,1,1,,,,,,,,,,,,,,,,,,,,,,,,,,,,,,,,,,,,1,,,,,,1,,,
êÖåÀÅEì˙óß,2,,,,,,,,1,,13,,2,,6,,,,1,,2,17,,,2,2,1,2,,44,2,1,2,,0,2,14,0,1,0,1,35,,1,7,1,Å|,Å|,Å|,Å|,1,,1,2,,10,6,2,1,142,39,8,1,59,188,8,22,"1,551",157,3,200,51,115,28,6,18,1,2,3,1,,11,1,1,,4,,1,3,1,9,19,2,1,7,4,10,,8,8,5,,1,,29,15,52,43,1,21,0,8,3,1,,17,3,3,51,3,1,1,,46,7,9,23,18,19,22,1,1,,8,,7,,0,2,0,,15,,,,,24,2,41,4,,9,2,,,7,,2,,,4,1,2,5,,,,2,,,,8,4,,,8,,,1,2,,,,,3,,,,4,,,,2,,,,,2,,1,,,,2,1,,1
ìyâY,,,,,,,,,1,,0,,,,,,,,0,,1,10,1,1,16,17,,,2,35,2,1,4,,,,1,1,,2,6,9,9,29,4,3,Å|,Å|,Å|,Å|,6,,2,7,,9,,0,0,31,6,6,,2,15,5,14,325,31,,26,15,6,10,26,6,13,3,,2,,4,3,1,,4,3,,5,5,2,16,,,8,18,9,,4,12,3,3,1,1,20,16,48,43,2,36,13,15,5,1,,16,2,,76,6,1,2,,68,20,7,27,14,11,13,1,2,2,10,,1,,,,,0,,,,,,12,2,21,12,,2,3,,0,5,,,1,,0,4,2,2,,,,,,,,7,3,,,1,,,,,,,,,1,,,,,3,,,0,,0,,,,,,,,,,,,
â∫äŸÅEå√âÕ,,,,,,,,,,,,,,,,,,,0,,0,1,0,,,2,1,,,20,,,,,0,,1,,1,,,2,4,,2,6,Å|,Å|,Å|,Å|,,,,,,,,0,,6,,,,2,3,1,12,42,5,,,2,,,,2,1,,,,,1,,,,0,,,4,2,,2,,,,5,6,,,,,1,,,3,,9,7,,2,1,,3,4,,6,3,,8,5,,,,5,2,2,4,1,5,2,,,,7,,1,,,,,,,,,,,,,2,,,,,,,,,,,,,4,,1,,,,3,,0,,0,,,,,,,1,0,,,,,,,,,0,1,,,,,,,,,,,,,,,,,
é≠ìà,,,,,,,,,,,,,,,,,,,,,0,,,,0,,,,,2,,,2,,,1,,,,,,,,,,,Å|,Å|,Å|,Å|,,,,,,2,,,,1,,,,2,2,,0,21,1,,,5,,3,2,,0,,,,,,,,,,,,0,,0,,,,3,,,,,1,,,,,3,,,1,,7,,2,2,,,2,2,,5,1,,,,3,2,3,3,1,,4,,,,1,,,,,,,,,,,,,3,,0,,,1,1,0,,0,,,,,,0,,,,,,,,,,,5,,,0,,,,,,,,,,,,,1,,,,,,,,,,,,,,,,,,
âFìsã{,,,,,,,0,2,,,12,,2,,,,,,2,,10,3,1,0,9,5,1,,1,69,,0,1,9,,1,36,6,2,,16,,54,,,0,1,6,,,Å|,Å|,Å|,Å|,Å|,36,,1,,471,96,7,,56,112,4,24,"1,303",140,,119,74,94,14,2,13,1,,1,,,6,3,,,8,5,,2,5,0,11,2,,9,2,17,,2,3,1,2,,1,9,18,28,49,0,13,6,34,2,1,,11,7,4,35,8,1,1,,39,12,11,17,14,7,6,0,,,14,,5,,,0,2,,0,0,,1,,17,1,15,2,,1,0,,,3,1,3,,,2,,2,2,,,,3,,,,8,8,2,,5,,2,5,0,,,,,5,,,,4,,,,3,,,,,0,,,,,,18,,,
ë´óòÅEç≤ñÏ,,,,,,,,,,,,,,,,,,,,,,,,,2,,,,,23,,27,0,,,,,,,,2,,9,,,,,,,,Å|,Å|,Å|,Å|,Å|,,,,,,,,,,,,,17,,,,,2,2,,,,,,0,,3,,,,,,,1,2,1,5,,,,,,,,2,,,2,,,3,7,1,1,,,,1,,,1,2,,7,1,,,,1,1,0,1,1,,3,,,,1,,4,,,,,,,,,,,2,,2,,,,,1,,0,,,,,,1,,,,,,1,,,,,,,,,,,,,,,,,,,,,,,,,,,,,,,,,,,,,,,
ì»ñÿÅEè¨éR,1,2,,,,,,,,,2,2,,,,,,,0,,1,1,,,1,4,,,,60,,1,0,,0,0,19,,2,,24,,20,,,6,1,2,,,Å|,Å|,Å|,Å|,Å|,4,,1,1,57,8,,,7,27,2,13,348,19,,25,10,22,1,6,9,,,,,,,0,,,5,1,,4,,0,5,2,0,8,1,2,,,4,1,9,1,,8,2,16,7,1,7,,1,1,,,2,1,1,8,,1,,,11,4,3,3,5,4,6,,,,4,,1,,0,0,,,,,,1,,7,,5,,,0,0,,,,,,,,2,1,,0,,,,,,,,,7,3,,0,,,,,,,,,,,,,,,,,,,,,,,,,,,,,,,
ì˙åı,,,,,,,,,,,0,,,,,,,,0,,,0,,,,,,,,5,,,,,,,1,,,,,,,0,,,2,7,,,Å|,Å|,Å|,Å|,Å|,1,2,1,,97,19,0,,10,38,7,13,375,36,,37,30,25,1,0,0,1,,,,,,,,,,,,,,1,1,1,,3,2,,,,5,0,,,,3,,2,5,1,4,,3,,,,,1,,10,,,,,6,4,2,,1,0,0,,,,11,,0,,,,,,4,,,,,0,,4,,,,,,,,0,,,,,1,,,,,,,,,,1,1,1,,,,,,0,,,,,,,,,,,,,,,,,,3,,,,,,,,,
ìﬂê{,,,,,,,,,0,,6,,,,,,,,1,,0,14,6,0,4,1,,,1,11,,,0,,,0,0,,1,,2,,8,,,,,,,,Å|,Å|,Å|,Å|,Å|,2,,,,126,16,6,,31,50,1,14,491,100,7,76,25,28,2,,2,,,,,,,,,,,,,3,1,,3,,,,5,,,,1,,,,,3,4,10,4,,6,1,8,0,,,,,,7,,0,,,5,,4,2,3,0,7,,,,1,,,,,,,,,,1,,,0,,3,0,,,,,1,4,,1,,,3,1,,,,,,,,,,4,1,,,,,,10,,,,,,,,,,,,,,,,,,,1,,,,,,,,,
ëOã¥ÅEçÇçË,1,,,,,,,2,,,14,,,,,,,,2,,2,11,0,1,19,6,,,,28,2,,11,0,,1,4,3,6,,11,,5,,1,3,10,9,,2,36,,4,1,2,Å|,Å|,Å|,Å|,362,48,13,13,28,111,3,14,"1,391",92,,89,43,28,1,24,7,10,2,34,0,,6,1,,,11,1,,1,4,1,9,4,,50,7,130,,3,5,1,2,1,,15,10,28,31,8,13,1,5,,,,9,1,1,35,,1,,,43,9,11,13,18,6,10,1,,,3,,1,1,0,1,,0,2,,,,,8,1,10,,8,3,1,,0,1,7,1,,,3,,4,0,1,,,1,,,,7,8,,6,2,,,1,0,,,,,3,,,,2,0,,,2,,,,,2,,,,,,5,,,
ãÀê∂ÅEëæìc,,,,,,,,,,,,,,,,,,,0,,0,1,,0,1,3,,,,32,1,1,,0,,,8,0,,,4,,,,,,6,,,,,,,2,,Å|,Å|,Å|,Å|,21,,,,,6,,1,43,0,,9,2,,,8,4,,,,0,,3,0,,,4,,,1,,,1,,,7,,9,,,5,2,,,,1,9,9,3,2,7,1,4,4,,,2,,,15,2,0,,,14,4,5,6,5,3,1,,,0,1,,,,,0,,,,,,,,2,,8,,,,,,,0,1,,,,,,0,,,,,,,,,2,,1,,,,,,,,,,,,,,,,,,,,,,,,,,,,,,,,,
èaêÏÅEå·ç»,1,,,,,,,,,,,,,,,,,,1,,,,,,,,,,,4,,,,,,,2,,,,,,1,1,,,2,0,0,,1,,1,1,,Å|,Å|,Å|,Å|,43,11,2,,6,34,,4,150,21,,32,11,12,,6,,,2,,,,,,,,0,0,,,,,,,,3,1,9,,,0,,,,,2,2,5,5,3,5,,,1,4,,3,,,4,,1,,,0,,,2,0,,1,,,,4,,,,,,,,,,,,,3,,1,0,,,,,,,,,,0,,,,,,,,,,,,,,,,,,,,,,,,,,,,,,,,,,,,,,,,,,,,,,,
è¿ìcÅEóòç™,,,,,,,,,,,,,,,,,,,,,,,,,,,,,,2,,,0,,,,,,,,0,,5,,,,1,0,,,,,1,,,Å|,Å|,Å|,Å|,38,5,2,,10,28,3,0,133,13,,11,13,7,1,7,0,,,,0,,2,2,,,,,,0,,,,,,,,8,,0,0,,,,,,3,3,1,,2,,1,,,,,,,1,,,,,1,1,,1,1,,,,,,,,0,,,,,,0,,,,,,,0,,,,,,,,,,,,,,,0,,,,,,,,,,,5,,,,0,,,,,,,,,,,,,,,,,,,,,,,,,,,,
âYòa,5,,0,,,,0,1,,,14,,,,,2,,,8,,20,41,15,4,87,40,13,4,6,265,15,10,69,4,2,13,52,14,29,10,86,26,161,63,19,83,142,31,6,1,471,,57,97,126,362,21,43,38,Å|,Å|,Å|,Å|,Å|,Å|,Å|,Å|,Å|,Å|,Å|,Å|,Å|,Å|,Å|,213,124,21,56,64,16,,31,4,5,1,45,2,1,7,1,4,80,1,12,205,69,230,0,29,17,6,3,4,3,94,67,201,226,18,70,17,45,22,4,,53,14,7,217,13,4,4,,224,44,31,37,67,47,52,1,2,0,41,,12,0,1,1,3,2,2,0,,3,,58,2,70,33,1,11,3,1,5,6,0,3,1,,9,8,2,9,10,0,5,2,,0,,8,11,5,2,7,,0,4,2,0,,,,6,0,,,3,0,,0,4,,1,,,6,0,,,,,9,,,
êÏâz,,,,,,,0,,,,2,,,1,,,,,1,,9,28,2,,32,13,6,3,6,99,6,6,8,1,2,11,19,7,4,4,16,8,39,20,6,31,39,6,,,96,,8,19,16,48,,11,5,Å|,Å|,Å|,Å|,Å|,Å|,Å|,Å|,Å|,Å|,Å|,Å|,Å|,Å|,Å|,36,38,10,6,12,9,5,9,4,1,1,10,0,2,1,2,2,27,4,3,28,20,38,,18,8,3,,2,1,36,19,94,82,8,42,6,19,7,1,,18,9,3,131,8,2,2,,97,11,12,20,39,26,23,1,2,,29,3,0,,1,1,,,0,0,,0,,33,3,47,17,1,6,3,,2,7,3,1,,,6,3,0,6,2,,,0,,,,9,8,2,,3,,,0,,,,,,,,,,1,1,0,0,0,,0,,,2,,,,,,,,,
éôã ÅEëÂó¢,,,,,,,,,,,0,,,,,,,,,,1,1,1,0,5,4,2,,0,9,3,,3,,,3,2,4,,,3,1,7,1,,,8,6,,,7,,,0,6,13,,2,2,Å|,Å|,Å|,Å|,Å|,Å|,Å|,Å|,Å|,Å|,Å|,Å|,Å|,Å|,Å|,26,2,8,3,2,,,4,2,,0,12,,,,,,6,0,1,14,2,20,,4,5,,,,,3,8,24,11,0,5,1,2,,0,,3,5,1,45,0,,,,7,4,2,12,4,2,4,0,,2,4,,,,,1,,,,,1,,,10,,5,1,,2,,,,1,,,,,0,0,0,1,,,,,,,,1,7,,1,0,,,,,,,,,,,,,,,,,,,,,,,,,,,,,,,
íÅïÉ,,,,,,,,,,,,,,,,,,,,,,,,,,,,,,3,2,,,,,,,,,,,,,,,,1,,,,,,,,,13,,,,Å|,Å|,Å|,Å|,Å|,Å|,Å|,Å|,Å|,Å|,Å|,Å|,Å|,Å|,Å|,1,,,,,,,,,,,,,,,,,,,,2,,2,,,,,,,,,,,1,1,3,2,1,,,,2,,,3,,,,,2,,1,,1,2,,,,,,,,,,,,,,,,,,2,,,1,,,,,,,,,,,,,,,,,,,,,,,,,,,,,,,,,,,,,,,,,,,,,,,,,,1,,,,,,,
êÁót,4,,,,,,,1,,,1,,,,1,,,,3,,9,25,2,4,26,18,,1,1,132,8,3,5,2,,8,28,4,13,3,5,8,17,5,15,19,59,2,2,2,56,,7,10,31,27,,6,10,Å|,Å|,Å|,Å|,Å|,Å|,Å|,Å|,Å|,Å|,Å|,Å|,Å|,Å|,Å|,65,16,13,14,9,4,5,11,2,3,,13,3,,14,2,0,25,5,,43,5,22,,11,28,5,4,2,2,49,42,154,114,17,63,12,13,2,9,0,35,10,12,113,20,3,4,,114,16,27,43,44,32,47,4,3,0,39,,10,0,0,1,,3,2,0,1,1,,45,1,51,19,3,8,3,,2,6,,2,,1,5,2,4,4,1,,,3,,0,,14,15,5,1,3,,2,2,,,,,,5,0,,,2,1,,,7,1,1,,,3,,,,,,1,,,
ëDã¥,,,,,,,,,1,,4,0,,1,,3,,,0,,12,42,8,5,57,14,13,2,6,205,18,10,23,5,1,12,47,12,15,4,83,35,102,17,10,23,188,15,3,2,112,,27,38,50,112,6,35,28,Å|,Å|,Å|,Å|,Å|,Å|,Å|,Å|,Å|,Å|,Å|,Å|,Å|,Å|,Å|,114,53,28,36,13,2,13,18,11,8,3,23,5,,9,8,13,59,5,9,79,50,65,0,29,35,10,10,5,6,157,110,323,234,31,142,15,24,20,4,0,34,19,11,251,40,6,3,,296,40,49,67,78,81,78,5,,3,88,,2,3,5,3,0,0,2,,,1,,98,2,137,47,4,5,1,4,9,16,1,2,1,1,6,5,2,4,2,,,2,0,,,9,19,3,0,3,12,0,2,0,,0,,1,1,0,,,1,1,,,1,,1,,,0,1,,,,,,,,
à¿ñ[ÅEåNí√,,,,,,,,,,,,,,,,0,,,1,,1,,1,,4,3,0,,,1,0,2,6,,,0,2,1,1,0,1,2,3,,,1,8,5,1,,4,,2,7,1,3,,,3,Å|,Å|,Å|,Å|,Å|,Å|,Å|,Å|,Å|,Å|,Å|,Å|,Å|,Å|,Å|,1,3,,,,,,,0,,,,1,,1,,,3,6,,14,,,,1,1,4,,,,2,4,7,15,1,9,1,6,0,,,0,,,16,3,0,,,18,1,,3,6,2,10,1,,,6,,,,,,,,,0,,,,3,,4,4,1,0,,,2,2,,,,,1,,,1,0,,,,,,,5,4,4,,0,,,,1,,,,,,,,,2,,,,,,,,,,,,,,,1,,,
ê¨ìc,,,,,,,,,,,19,,,2,6,,,,,,4,9,0,2,24,9,2,1,4,56,5,6,6,1,,6,24,9,4,1,6,7,9,4,3,4,22,14,12,0,24,,13,13,14,14,1,4,0,Å|,Å|,Å|,Å|,Å|,Å|,Å|,Å|,Å|,Å|,Å|,Å|,Å|,Å|,Å|,39,23,6,5,6,1,,7,4,,1,3,,,3,1,,21,0,,33,19,34,,11,19,2,1,,,44,66,57,33,16,44,1,8,3,,,15,4,1,47,5,0,,,36,11,7,12,16,4,7,0,1,,12,,3,1,,0,2,,1,,,,,14,,14,8,,2,2,,2,3,0,,,,2,1,,1,,,,,,,,6,2,,,,,,,,,,,,2,,,,1,,,,,,0,,,,,,,,,0,,,
23ãÊ,3,,1,,,1,2,1,6,,16,,1,12,4,8,9,,31,3,101,356,50,31,477,146,64,26,62,"1,912",99,134,172,16,8,114,398,56,135,54,352,238,607,138,140,232,"1,551",325,42,21,"1,303",17,348,375,491,"1,392",43,149,133,Å|,Å|,Å|,Å|,Å|,Å|,Å|,Å|,Å|,Å|,Å|,Å|,Å|,Å|,Å|,"1,166",437,222,224,297,54,17,154,121,66,18,205,19,2,179,55,63,948,127,129,"1,057",441,717,11,326,339,75,92,59,20,"1,318",917,"2,724","3,254",275,"1,213",153,346,120,25,9,351,128,64,"2,032",251,58,36,2,"2,492",434,441,699,898,644,513,15,20,9,523,15,121,10,7,11,11,3,17,6,4,8,5,685,35,971,280,11,69,26,10,42,100,17,14,2,1,112,59,13,49,16,1,,13,1,1,,144,127,50,7,44,1,3,14,10,1,,,,25,6,0,1,24,5,,5,2,,24,,,6,8,0,,,,1,,,
ëΩñÄ,1,,3,,,,,,,,,,,2,,1,,,6,,14,23,7,1,57,34,10,1,4,272,12,7,34,2,1,22,46,21,20,12,55,23,58,52,12,29,157,31,5,1,140,,19,36,100,92,0,21,13,Å|,Å|,Å|,Å|,Å|,Å|,Å|,Å|,Å|,Å|,Å|,Å|,Å|,Å|,Å|,112,57,32,13,26,5,5,22,3,17,1,22,1,0,15,4,7,252,47,35,95,139,123,,98,31,14,4,8,7,170,82,263,274,39,130,21,43,21,3,2,45,21,6,366,40,8,5,,281,46,53,67,108,62,72,4,7,0,72,1,16,1,5,2,1,2,1,1,0,2,2,115,5,136,33,,19,8,,7,22,2,,3,0,7,12,2,6,3,1,1,1,0,,,25,28,2,2,16,,2,2,2,,0,,,3,2,,,2,0,,,3,,3,,,0,0,,1,,,3,,,
ëÂìá,,,,,,,,,,,,,,,,,,,,,,,,,,,,,,,,,,,,,,,,,,,,,,,3,,,,,,,,7,,,,,Å|,Å|,Å|,Å|,Å|,Å|,Å|,Å|,Å|,Å|,Å|,Å|,Å|,Å|,Å|,,,,,,,,,,,,,,,,,,,,,,,,,,,,,,,,,1,,1,,,,,,,,,,3,,,,,,,,,,,2,,,,,,,,,,,,,,,,,,,,,,,,,,,,,,,,,,,,,,,,,,,2,,,,,,,,,,,,,,,,,,,,,,,,,,,,,,,,,,
â°ïl,0,,,,,,,3,2,,53,3,,2,,1,,,9,,12,41,3,2,57,13,10,10,6,274,8,17,19,5,2,7,46,7,26,1,56,22,62,19,40,41,200,26,,,119,,25,37,76,88,9,32,11,Å|,Å|,Å|,Å|,Å|,Å|,Å|,Å|,Å|,Å|,Å|,Å|,Å|,Å|,Å|,174,70,31,28,20,20,3,32,9,4,0,26,1,,23,5,14,105,20,6,105,42,88,2,78,38,14,21,9,9,307,189,814,470,39,234,27,72,25,6,3,55,39,10,483,42,9,6,,491,103,96,121,188,154,111,7,4,3,84,,19,1,2,5,1,6,5,,1,1,0,107,10,185,75,2,17,5,11,10,31,1,2,1,0,15,14,11,11,4,,2,5,0,,,27,45,5,3,4,,,11,6,1,,,,2,1,1,,5,6,,0,5,,8,,,7,1,1,,,,5,,,
êÏçË,,,,,,,,,,,0,,,1,2,2,,,0,0,3,12,1,2,17,13,12,5,2,101,12,14,3,0,,12,21,4,8,1,37,18,29,13,5,8,51,15,2,5,74,,10,30,25,43,2,11,13,Å|,Å|,Å|,Å|,Å|,Å|,Å|,Å|,Å|,Å|,Å|,Å|,Å|,Å|,Å|,34,31,15,22,12,0,14,8,8,5,2,17,0,,10,1,1,40,10,1,48,25,45,1,9,7,6,2,3,3,73,62,143,159,7,42,10,28,10,2,3,22,8,6,144,9,8,3,,143,33,20,43,60,33,33,1,1,1,32,,5,1,0,0,0,,1,0,,3,,40,3,55,23,0,5,6,1,4,7,0,3,,,6,2,1,2,1,,,1,,,,19,12,6,2,1,2,1,1,2,,,,,0,0,,,0,,0,,,,,,,,,,,,,,,,
ëäñÕå¥,,,1,,,,,,,,,,2,,,,,,1,,7,39,1,3,20,19,5,3,3,166,5,6,7,4,1,12,30,5,12,15,18,24,54,16,10,20,115,6,,,94,2,22,25,28,28,,12,7,Å|,Å|,Å|,Å|,Å|,Å|,Å|,Å|,Å|,Å|,Å|,Å|,Å|,Å|,Å|,72,24,14,17,13,2,2,15,5,9,1,10,1,,8,1,1,80,12,14,44,31,54,2,41,34,4,14,5,2,81,63,91,205,42,128,11,30,18,6,2,43,30,10,284,32,14,17,,225,43,25,45,84,77,46,2,4,1,61,,14,,1,3,5,0,3,,,,1,67,0,79,24,2,8,5,,4,12,5,0,1,0,8,8,1,5,2,1,,4,0,,0,15,26,7,3,2,1,,3,1,,2,,,2,1,0,,5,2,,0,,,3,,,,2,,,,,1,,,
è¨ìcå¥,3,,,,,,,,,,1,,,,,,,,,,0,2,,1,5,2,,,1,10,4,3,,,,1,10,2,1,1,4,1,6,,,0,28,10,,3,14,2,1,1,2,1,,,1,Å|,Å|,Å|,Å|,Å|,Å|,Å|,Å|,Å|,Å|,Å|,Å|,Å|,Å|,Å|,0,,4,1,,,,,0,1,,4,,,4,1,1,6,4,1,15,1,1,,,4,,,1,0,56,36,56,44,18,32,1,12,6,,0,10,4,6,69,3,1,5,,57,18,34,19,14,17,14,1,,,13,,1,1,0,0,,,,,,,,16,0,11,7,,3,,1,1,3,,,,,6,1,,3,1,,,0,,,,1,3,,14,5,,,1,,,,,,12,,,,3,,,,,0,,,,,,,,,,,,,
êVäÉ,1,,,,,,,2,,,0,,,,,,,,3,,1,,0,,7,0,2,,,14,2,,11,0,0,2,0,30,,,0,,1,,,2,6,26,,2,2,,6,0,,24,8,6,7,213,36,26,1,65,114,1,39,"1,166",112,,174,34,72,0,Å|,Å|,Å|,Å|,Å|,Å|,Å|,11,6,5,1,30,1,,1,1,0,8,5,6,10,4,6,,1,3,,,,1,7,3,6,11,2,8,1,,2,,,3,,0,10,0,2,,,6,6,2,,2,0,2,,,,5,,1,,,0,9,,3,,,,,7,,7,3,,3,2,,,4,,2,,,1,2,1,,,,,1,,,,6,,0,,1,,,7,1,,,,,0,,,2,2,,,,,,,,,0,,,,,,4,,,2
í∑â™,,,,,,,,,1,,1,,,,,,,,,,7,2,0,1,2,,3,,,8,,2,1,,1,0,1,,,,4,,,,,1,18,6,2,,13,,9,0,2,7,4,,0,124,38,2,,16,53,3,23,437,57,,70,31,24,,Å|,Å|,Å|,Å|,Å|,Å|,Å|,4,0,,1,12,1,,3,0,1,,,,,7,2,,,,2,,,0,,5,5,16,,7,0,3,,,,3,,,14,0,,0,,9,2,3,1,3,,2,,,,3,,0,,0,,,,1,,,,,3,,8,1,,,1,,,0,,,,,0,,,,,,,,,,,0,,,0,,,0,,,,,,,,,,8,,0,,,1,,1,,,9,,,,,,,,,
è„âz,,,,,,,,,,,,,,,,,,,0,,,,0,2,1,,,,,4,,,1,,,,1,4,,,0,0,1,,,,1,13,1,0,1,,,1,,10,,,,21,10,8,,13,28,,6,222,32,,31,15,14,4,Å|,Å|,Å|,Å|,Å|,Å|,Å|,16,1,1,,10,2,,4,0,,,,,,2,8,,2,1,,,,,1,0,2,8,,2,,0,,,,1,1,0,26,4,1,,,9,0,4,4,6,3,1,0,,,0,,,,,,,,0,,,,,1,,,3,,1,,,,1,,,,,0,0,,,,,,,,,,,3,,,,,,,0,,,,,1,,,,,,,,,,,,,,,,,,,,,,
éOèÅEâç,,,,,,,,,,,,,,,,,,,,,,,,,1,,,,,,,,0,,,,,1,,,,,,,,,2,3,,,,,,,,2,,2,,56,6,3,,14,36,,5,224,13,,28,22,17,1,Å|,Å|,Å|,Å|,Å|,Å|,Å|,0,0,0,,2,,,,,,,,,1,,,,,,4,,,,3,,,4,,3,,,,,,,,0,5,1,,,,0,2,1,4,,1,,,,,1,,,,,,,,,,,,,1,,0,4,,,,,,,,,,,,1,,1,,,,,,,,,,,,,,,0,,,,,,,,,,,,,,,,,,,3,,,,,,,,,
ãõè¿,,,,,,,,,,,3,,,,,,,,,,,,,,,,1,,,5,,,,0,,,,1,,1,,1,,,,1,3,,,,1,,,,,34,,,,64,12,2,,9,13,,6,297,26,,20,12,13,,Å|,Å|,Å|,Å|,Å|,Å|,Å|,6,2,1,1,3,,,,,,,,,,2,1,,,1,,1,0,,3,,3,1,,2,6,,2,,,0,,,5,,1,,,4,,2,4,,2,1,,,,,,,,,,,,,,,,,1,,,,,,,,0,1,,,,,,,,,,,,,,,,1,1,,,,,,,,,,,,,,,,,,,,,,,,,,,,,,,,,,
ë∫è„,,,,,,,,,,,,,,,,,,,,,0,,,0,,,,,,,,,0,0,,,,31,,,,,0,,,,1,2,,,,0,,,,0,0,,0,16,9,,,4,2,,1,54,5,,20,0,2,,Å|,Å|,Å|,Å|,Å|,Å|,Å|,,,,,2,,,,,,,,,,,,,,,,,,,0,,2,,,,,,,,,1,,,3,,,,,,1,,,,,,,,,,,,,,,,,,,,,,1,,,,,,,,,,,,,,,,,,,,,,,,,,,,,,,,,,,,,,,,,1,,,,,,,,,,,,,,,,,,,
ç≤ìn,,,,,,,,,,,,,,,,,,,,,,,,,,,,,,,,,,,,,,,,,,,,,,,,,,,,,,,,,,,,,5,,,5,13,,,17,5,,3,14,2,,Å|,Å|,Å|,Å|,Å|,Å|,Å|,,,,,1,,,,,,,,,,,,,,,,,,,,,,,,0,,,,,,,,,,,,,,3,,,,,,,,,,0,,,,,,,,,,,,,,,,,,,,,,,,,,,,,,,,,,,,,,,,,,,,,,,,,,,,,,,,,,,,,,,,,,,,,,,,,
ïxéR,0,,,,,,,1,,,1,,,,,,,,0,,,4,1,,1,1,1,,,1,,,0,,,,1,0,1,,0,,,,,,11,4,1,,6,3,,,,6,3,,2,31,9,4,,11,18,,7,154,22,,31,8,15,,11,4,16,0,6,,,Å|,Å|,Å|,Å|,136,0,,37,1,3,0,,,3,0,2,,1,4,4,2,5,,4,3,10,69,4,17,3,6,0,6,0,9,1,1,121,12,2,,,195,23,34,30,25,22,8,,,,13,2,2,,,1,1,,2,,,,,5,,5,3,,1,,,2,,,4,,,6,2,0,,0,,,2,,,,8,4,0,,2,,2,1,,,,,,2,,,,2,,,,2,,0,,,1,,,,,,3,,,
çÇâ™,,,,,,,,,,,,,,,,,,,0,,,1,,,,,,,,0,,,0,,,0,1,,0,,,,0,,,,1,3,,,3,,0,,,1,0,,2,4,4,2,,2,11,0,4,121,3,,10,8,5,0,6,0,1,0,2,,,Å|,Å|,Å|,Å|,34,,,13,4,2,1,,,,1,,,,1,0,,1,,7,,4,42,4,8,1,1,,,,5,2,0,62,7,,,,59,20,20,27,17,16,2,0,,,13,,1,,,,,,0,,,,,3,,6,3,,,,,,,1,,,,,,,3,,,,,,,,3,1,1,,,,,1,,,,,,1,,,,,1,,,,,,,,,0,,,,,,,,
êVêÏ,,,,,,,,,,,,,,,,,,,,,,,,,,,,,,3,,1,,,,,,0,,1,1,,,,,,1,1,,,,,,,,,,,,5,1,,,3,8,,,66,17,,4,5,9,1,5,,1,0,1,,,Å|,Å|,Å|,Å|,15,2,,2,1,,,,,1,,,,,2,0,,,,1,1,,6,,1,1,1,,,,2,0,,13,0,,,,26,13,6,6,4,2,0,,,,6,,,,,,,,1,,,,,1,,,,,,,,,,,,,,,,,,0,,,,,,,3,2,,,,,,,,,,,,0,,,,2,,,,,,,,,,,,,,,,,,
ìvîg,,,,,,,,,,,,,,,,,,,,,,,,,1,,,,,1,,,,,,,0,,,,3,,,,,,,,,,,,,,,,,,,1,1,0,,,3,,1,18,1,,0,2,1,,1,1,,,1,,,Å|,Å|,Å|,Å|,0,,,1,,,,,,,,,,,,,,,,1,2,1,6,2,,,0,,,,,,,3,6,0,,,19,3,4,6,4,,,,,,5,,,,,0,,,,,,,,2,,0,0,,,,,,,,,,,,,,,,,,,,,,1,,,,,,,,,,,,,,,,,1,,,,,,,,,,,,,,,,,,
â¡âÍ,1,,,,,,,1,0,,0,,,,2,,,,,,0,3,,,3,1,,,,3,,1,0,,,,2,1,,2,1,0,2,0,,1,3,5,0,,8,,5,,,11,4,0,,36,8,24,,13,24,,3,205,22,,25,17,11,5,30,12,10,2,3,2,1,136,34,15,0,Å|,Å|,Å|,82,14,27,2,,,10,1,1,,1,15,5,3,1,1,9,14,9,156,5,50,5,8,0,1,,30,16,2,202,24,1,,,274,70,40,69,34,40,17,3,3,,37,,3,,2,1,1,,0,1,,,,17,2,18,6,,5,0,1,1,0,2,5,2,,2,2,3,1,,,,3,,,,11,6,4,1,1,1,,1,,,,,,5,5,,,1,0,,,0,,2,0,,1,,,,,,0,,,1
î\ìoíÜïî,,,,,,,,,,,0,,,,,,,,,,,,,,,,,,,0,,,,,,,,,,,,,,,,,,4,,,6,,1,,,1,,0,,2,0,,,3,5,1,,19,1,,1,0,1,,1,1,2,,,,,0,,2,,Å|,Å|,Å|,,,,,,,,2,,,0,0,,1,,,,,1,6,1,0,1,1,,,,3,0,,4,,0,,,7,3,4,3,,4,0,,,,3,,,,,,,,,,,,,1,,7,0,,,,,,,,,,,,,,,1,,,0,,,,2,,0,1,,,,,,,,,,,,,,,,,,,,,,,,,,,,,,,0,
î\ìoñkïî,,,,,,,,,,,,,,,,,,,,,,,,,,,,,,,,,,,,,,,,,,1,,,,,1,,,,,,,,,,,,,1,2,,,,,,,2,0,,,,,,,,,,,,,,,,,Å|,Å|,Å|,3,,,,,,,,,,,0,,,,,1,,,1,,0,,,,,,1,,0,3,15,,,,9,2,1,1,,,2,,,,,,,,,,,,,,,,,,,,,,,,,,,,,,,,,,,,,,,,,,,,,,,,,,,,,,,0,,,,,,,,,,,,,,,,,,,,,,
ó‰ñk,1,,,,,,,0,1,,2,,,,,,,,,,1,,,,0,,,,,4,,1,0,,,1,2,,,,4,1,1,,,,3,5,4,0,2,1,4,,3,1,1,,0,7,1,,,14,9,1,3,180,15,,23,10,8,4,1,3,4,,,,,37,13,2,1,82,,3,Å|,Å|,Å|,3,,,6,2,1,,1,8,2,0,1,,2,10,7,59,5,17,4,2,,,,6,8,1,106,10,0,,2,144,44,18,30,29,15,12,,,,17,2,2,,,1,0,1,2,,,,,1,,8,1,,,0,1,1,0,,3,,,3,1,1,1,0,,,1,,,,8,4,1,,1,,,1,,,,,,2,,,,1,0,0,,0,,,,,3,,,,,,0,,,2
ìÏâz,,,,,,,,,,,,,,,,,,,,,1,,,,,,,,,0,,,,,,,1,0,,,0,,1,,1,4,1,5,2,,5,2,,,1,4,,,,1,2,,,2,8,,1,55,4,,5,1,1,1,1,0,0,,,,,1,4,1,,14,,,Å|,Å|,Å|,,,,,,,,,3,3,1,0,,1,2,1,10,0,14,0,1,0,,,2,3,,21,2,,1,,36,11,2,2,2,3,2,,,,,,0,,,,,,,1,,,,2,,1,1,,,,,,,,0,,,,,0,,,,,,,,,1,,0,,0,,,0,,,,,,,,,0,1,1,,,,,,,,,,,,,,,,,
ó‰ìÏ,,,,,,,,,,,,,,,,,,,,,,,,0,,2,,,,2,,,,,,,,,,,,0,,,0,,9,2,,0,0,1,0,1,,1,,,,4,2,,,0,13,,,63,7,,14,1,1,1,0,1,,,,,,3,2,,,27,,,Å|,Å|,Å|,,,,,,,,,2,1,1,,,1,3,1,16,1,5,0,1,2,,,1,7,0,31,4,,1,,19,6,3,1,12,10,1,,,,3,,,,,,,,1,,,,,,,7,2,,,,0,,,,,,,,2,,0,0,,1,2,,,,5,6,,1,,0,,1,0,,,,,0,,,,,,,,,0,,,,0,,,,,,,,,
çëíÜ,1,,,,,,,,1,,,,3,,,,,,1,,2,2,,,2,7,1,,1,51,,,0,,0,,5,1,2,,3,2,2,1,,2,19,16,2,,11,6,5,2,3,9,1,,,80,27,6,,25,59,3,21,948,253,,105,40,80,6,8,,,,,,,0,1,,,2,,,3,,,Å|,Å|,Å|,2,55,,,13,0,1,3,,1,22,5,31,30,2,4,0,1,,1,,2,1,2,11,0,,,,10,6,6,9,19,6,14,,,0,5,,0,,,0,,,1,,,,,9,2,9,3,,0,1,0,,0,,0,,,5,0,2,,,,,,,,,1,2,,,0,,,1,,,,,,2,,,,0,0,,,,1,,,,1,,,,,,1,,,
åSì‡,,,,,,,,,,,1,,,,,,,,,,,,0,,1,1,,,,7,,,,,,,,1,,,1,1,1,2,,,2,,,,2,,2,1,,4,,,,1,4,0,,5,5,6,0,127,47,,20,10,12,4,5,,,,,,,,,,,,,,,,,Å|,Å|,Å|,1,,,0,,,3,,,,0,4,1,4,,8,,1,,,,0,,,18,2,,,,6,3,5,1,5,7,2,1,,,5,,,1,,,,,,,0,,,0,,2,3,,1,,,,,1,,,,,2,0,,,,,5,,,,,2,,,,,,,,,,,,0,,,,,,,,,,,,,,,,,,,,,,
ã¨ñk,,,,,,,,,,,,,,,,,,,,,,,,,,,,,,19,,,,,,,1,,1,3,0,,,,,,1,,,,,,0,,,,,,,12,3,1,,,9,,,129,35,,6,1,14,1,6,,,,,,,,,,,,,,,,,Å|,Å|,Å|,2,4,,,,0,,,1,,1,0,1,11,,2,,3,1,,,,,,11,,,,,4,1,1,2,2,1,,0,,,2,,,,,,,,,,,,,2,,0,,,,,,,1,,1,,,0,,,,,,,0,,,,2,,,,,,,0,,,,,,,,,,,,,,1,,,,,,,,,,,,,,
í∑ñÏ,1,,,,,,,0,0,1,0,,,,,,,,2,1,0,2,0,,3,1,,0,,6,,1,3,,,,6,3,,,2,0,5,,,,7,8,,3,9,,8,3,,50,7,3,,173,24,12,2,43,79,14,33,"1,057",95,,104,48,44,15,10,,,1,,,,3,,1,,10,,,6,,,2,1,2,Å|,Å|,Å|,Å|,Å|,7,2,9,,,8,17,22,75,3,27,6,9,,,,3,1,,24,4,1,,,28,0,4,1,2,6,1,,,,5,,3,,0,0,,,2,,,,,4,,2,6,0,2,1,0,,0,,2,,,3,,2,,,,,1,,,,6,6,,,2,,,0,0,,,,,5,,,3,2,,,2,3,,,,,2,,,,,,6,,,
èºñ{,,,0,,,,,,,,,,,,,,,,,,0,2,,0,,,,,,24,,0,1,1,,,1,,1,,5,2,7,,,,4,18,5,,2,,1,2,5,7,,1,,58,19,2,,5,50,,19,441,139,,42,25,31,1,4,7,2,,2,,,0,1,,,1,2,,2,,,55,,4,Å|,Å|,Å|,Å|,Å|,5,,2,4,,5,11,16,99,5,51,1,13,2,0,,7,,,30,4,0,2,,19,4,4,4,5,3,8,,0,,9,,,,0,2,,,0,,,,,6,,5,3,,1,1,,0,1,,,,,2,1,,0,0,,,0,,,,9,1,2,,,,,,1,,,,,1,,,,1,,,,,,,,,0,,,,,,,,,
è„ìc,1,,,,,,,0,3,,7,,,,,,,,,,1,2,0,1,2,0,,,,3,,,0,,,,2,0,1,2,3,0,5,4,,,9,9,6,,17,,2,,,130,9,9,8,193,32,64,61,22,65,,34,717,123,,88,45,54,1,6,2,8,,1,,,2,,,,1,,,1,,,,,,Å|,Å|,Å|,Å|,Å|,2,2,,1,,1,7,10,30,0,10,5,12,,0,,1,1,0,15,4,1,,,8,2,4,1,3,2,1,,,,3,,0,,,,,,,,,,,5,,,1,,,,,,0,,,,,,,4,,1,,,,,,,5,,,,0,,,,3,,,,,,,,,5,,,,1,,,,,,,,,,,,,,
î—ìc,,,,,,,,,,,,,,,,,,,,,,3,,,,,,,,1,,,,,,,,,,,,,,,,,,,,,,,,,,,,,,0,,,,,0,,,11,,,2,1,2,,,,,,,,,,,,,,,,,,,,0,,Å|,Å|,Å|,Å|,Å|,,,,,,0,1,1,2,3,1,,0,,,,,,,6,1,,,,2,,0,,,,,,,,1,,0,,,,,,,,,,,0,,3,3,,,,,,,,,,,,,,,,,,,,,,1,4,1,1,,,,0,0,,,,,,,,,0,,,,0,,0,,,,,,,,,,,,
êzñKÅEà…ìﬂ,,,,,,,,,,,4,,,,,,,,0,,0,3,,,3,,,,,18,,,1,,,0,,1,,,,,,,2,2,8,4,,,2,,,,,3,,,0,24,15,3,,11,29,1,11,326,98,,78,9,41,,1,,2,,,,,1,,,,1,0,,1,,,13,,,Å|,Å|,Å|,Å|,Å|,,,1,0,,1,2,4,27,5,16,0,1,0,0,,,,1,12,1,0,,,13,,1,3,2,7,2,,,,1,,,,,0,,,,,,,,1,,3,,0,0,1,0,1,,,,,,,,1,,,,,,,,,1,1,0,,0,,,0,,,,,,0,,,,1,,,,,,0,,,1,,,,,,,,,
äÚïå,1,,,,,,,1,,,3,,,,,,,,1,,0,5,,,1,6,,,,3,0,,0,,,0,1,,,,3,2,1,,,,8,12,,1,3,2,4,5,1,5,5,0,0,17,8,5,,28,34,1,19,339,31,,38,7,34,4,3,,1,,1,,,4,1,2,,15,0,0,8,3,2,0,,0,7,5,2,,,Å|,Å|,Å|,Å|,Å|,21,16,35,Å|,Å|,Å|,Å|,Å|,Å|,Å|,Å|,2,,,54,1,2,,,57,17,14,11,14,10,10,4,,,14,,2,0,2,0,1,2,0,,,1,0,13,1,13,5,,3,2,3,1,1,,6,,0,4,2,1,0,1,,,3,0,,,34,10,1,2,3,1,1,11,,,,,,4,1,,2,1,,1,,2,,1,,,1,0,,,,,0,,,
ëÂä_,,,,,,,,,,,,,,,,,,,,,,2,,,,,,,,1,,,,,,,,,,,1,,,3,,,5,3,,,1,,1,0,,1,2,,,6,3,,,5,10,4,2,75,14,,14,6,4,,,2,,4,,,,4,0,0,,5,,,2,3,1,1,3,,2,,2,,,Å|,Å|,Å|,Å|,Å|,8,10,4,Å|,Å|,Å|,Å|,Å|,Å|,Å|,Å|,,2,,16,,0,0,,22,4,1,4,3,3,5,,,,2,,0,,,0,,0,,0,,,,4,1,9,4,,,3,1,1,1,,,,,,1,2,1,,,,,,,,4,2,1,,0,,,0,0,,,,,1,,,,1,,,,,,,,,2,,,,,,,,,
ìåîZ,,,,,,,,1,,,,,,1,,,,,,,,,,,,,,,,0,0,,,,,,1,,,,,,2,2,,,,3,1,,2,,9,,,2,,,,3,,,,4,10,,1,92,4,,21,2,14,,,,,,1,,,2,,,,3,1,,0,1,1,3,,,9,2,,,1,Å|,Å|,Å|,Å|,Å|,3,2,14,Å|,Å|,Å|,Å|,Å|,Å|,Å|,Å|,,,,14,4,0,,,16,2,4,2,3,3,3,0,,,3,,4,,,,,1,,,,0,,1,,2,4,,,1,2,0,,,0,,,1,,,,,,,0,,,,5,3,2,1,1,,,,1,,0,,,,,,,2,,,,,,,,,0,,,,,,,,,
â¬ñŒ,,,,,,,,,,,,,,,,,,,,,,,,,,,0,,0,1,0,1,,1,,,,,,,1,,,,,3,1,1,,,,2,1,,,1,,,,4,2,,,2,5,,,59,8,,9,3,5,1,,,,,0,,,5,1,,,1,,,1,0,,,,1,,4,1,,0,Å|,Å|,Å|,Å|,Å|,13,3,7,Å|,Å|,Å|,Å|,Å|,Å|,Å|,Å|,1,3,,7,1,,,,12,5,1,2,7,2,4,1,,,,,3,,1,,0,,2,,,0,,4,,5,,,4,,,,2,,0,,,,0,,,,,,,,,,5,3,1,,,,,1,,,,,,4,,,,0,,0,,1,,0,,,,,,,,,1,,,
îÚëÀ,,,,,,,,,,,,,,,,,,,,,,,,,,,,,,0,,,,,,,0,,,,,,,,1,,,1,,,1,,,,,,,,,3,1,,,2,6,,,20,7,,9,3,2,0,1,0,,,,,,,,,,1,,,,,,1,,,,,,,,Å|,Å|,Å|,Å|,Å|,2,4,3,Å|,Å|,Å|,Å|,Å|,Å|,Å|,Å|,1,0,1,9,5,,,,13,1,1,3,4,1,1,,,,5,,,1,,,,0,,,,,,2,,1,1,,,,1,,1,,,,,,0,,0,,,,,,,,3,2,0,,,,,,,,,,,,,,,1,,,,,,,,,,,,,,,,,,
íÜïî,2,,,,,,,,1,,9,,,,0,,,,0,,3,3,1,1,7,,,,4,20,7,1,2,,,0,8,2,2,2,1,1,1,1,1,,29,20,3,3,9,,8,3,3,15,1,2,,94,36,3,,49,158,2,44,"1,318",170,,307,73,81,56,7,,1,3,3,0,,3,7,1,1,9,,1,2,1,1,22,0,1,8,5,1,0,1,21,8,3,13,2,Å|,Å|,Å|,371,39,93,5,22,10,1,1,13,5,2,167,9,1,,,71,14,13,20,34,12,28,0,1,0,37,,10,0,1,2,1,0,3,4,,0,0,35,,37,4,2,9,1,2,0,3,1,5,,,11,3,5,2,1,1,,4,,0,,16,12,2,0,5,,1,4,2,0,0,,,4,1,0,,7,0,0,0,1,,1,,,3,3,,,,,1,,,2
êºïî,2,,,,,,,,0,,4,,,,,10,,,,,1,2,1,,6,1,,,1,15,3,1,3,1,0,2,1,8,1,,3,1,1,,1,4,15,16,,,18,3,2,,4,10,9,2,3,67,19,8,,42,110,4,66,917,82,,189,62,63,36,3,5,0,,,,,3,,1,2,14,,,10,2,3,5,4,0,17,11,7,1,2,16,10,2,3,4,Å|,Å|,Å|,319,35,64,6,16,4,0,0,6,5,6,120,9,3,2,,64,13,12,21,39,20,21,1,0,9,15,,3,,,1,5,0,1,2,,0,,25,2,17,4,,7,1,2,2,5,,8,,1,10,2,1,4,0,0,9,1,0,,,23,13,1,3,7,1,,2,4,0,,,2,1,3,1,,3,1,,1,0,,1,,,0,0,,,,,2,,,
ìåïî,3,,,,,,,0,1,,4,,,,2,,,,3,,1,13,1,2,2,4,1,2,,30,5,7,6,1,2,1,6,3,2,1,7,6,9,2,4,1,52,48,9,,28,7,16,2,10,28,9,5,3,201,94,24,,154,323,7,57,"2,724",263,1,814,143,91,56,6,5,2,,3,2,,10,4,,1,9,1,,7,1,1,31,1,1,22,16,10,1,4,35,4,14,7,3,Å|,Å|,Å|,300,19,136,18,17,10,,,29,12,5,200,26,5,1,,98,46,21,62,56,39,30,2,0,,39,1,6,,0,2,1,6,4,0,,3,,44,3,33,19,1,2,5,1,2,2,1,2,1,0,8,7,1,7,1,1,,0,,,,46,21,19,7,4,,,4,0,,,,,4,0,0,,9,1,5,,,4,3,,0,0,0,,,2,,3,,,
ñºå√âÆ,3,,,,,,,0,2,,2,,,1,,,,,0,,6,3,1,,13,6,1,0,,28,,1,15,0,,0,5,1,4,,2,11,11,6,2,,43,43,7,1,49,1,7,5,4,31,3,5,1,226,82,11,1,114,234,15,33,"3,254",274,,470,159,205,44,11,16,8,4,1,,,69,42,6,6,156,6,1,59,10,16,30,4,11,75,99,30,2,27,Å|,Å|,Å|,Å|,Å|,371,319,300,Å|,Å|,Å|,Å|,Å|,Å|,Å|,Å|,34,53,17,336,49,7,7,0,"1,387",186,169,138,250,181,98,6,3,3,178,4,31,6,10,6,7,6,10,4,1,2,3,114,7,186,41,1,16,7,9,5,16,5,12,2,1,38,14,11,9,1,1,,11,,,,147,95,12,14,14,2,1,16,3,,3,,,13,3,2,3,12,1,3,3,1,,1,,2,9,2,0,0,,0,0,,,
ìåéOâÕ,,,,,,,,,0,,0,,,,,,,,,,,,,,,0,,,,9,0,,,1,,,1,,1,,,1,7,4,,4,1,2,,,0,1,1,1,,8,2,3,,18,8,0,1,17,31,1,16,275,40,1,39,7,43,18,2,,,,,,,4,4,,2,5,1,,5,0,1,2,,,3,5,0,3,5,Å|,Å|,Å|,Å|,Å|,39,35,19,Å|,Å|,Å|,Å|,Å|,Å|,Å|,Å|,9,4,1,37,4,3,1,,64,4,9,4,14,13,6,0,,1,6,,9,1,,0,0,0,1,,,,,5,1,12,8,,2,,,2,3,1,,,,3,1,,1,0,1,,1,,,0,9,18,0,0,3,,1,2,1,,1,,,3,,0,,1,0,,,,0,1,,,1,,1,,1,,,,,
ñLìc,2,,,,,,,0,2,,2,,,,,,,,1,,1,3,0,,5,6,,,1,11,2,7,3,0,,1,6,2,2,,4,9,7,3,7,2,21,36,2,8,13,,7,4,6,13,7,5,2,70,42,5,3,63,142,9,44,"1,213",131,,234,42,128,32,8,7,2,3,2,,0,17,8,1,,50,0,0,17,14,5,4,8,2,27,51,10,1,16,Å|,Å|,Å|,Å|,Å|,93,64,136,Å|,Å|,Å|,Å|,Å|,Å|,Å|,Å|,26,13,3,256,17,3,3,0,547,81,65,71,65,99,68,2,1,0,68,1,21,3,4,7,4,2,4,3,1,0,0,63,12,96,35,1,19,6,5,6,3,2,10,1,,17,16,3,14,2,1,0,3,,,,91,58,12,11,10,1,3,15,5,,3,3,,12,1,2,3,15,5,1,1,,,4,,,9,4,,0,,0,,,,
íÜìÏê®,,,,,,,,1,0,,0,,,,,,,,,,0,1,,,1,3,,,,2,,,0,,,,0,1,0,,1,,0,,,,0,13,1,,6,,,,1,1,1,,,17,6,1,2,12,15,1,1,153,21,,27,10,11,1,1,0,,,6,,,3,1,1,,5,1,,4,0,0,0,,,6,1,5,,0,Å|,Å|,Å|,Å|,Å|,5,6,18,Å|,Å|,Å|,Å|,Å|,Å|,Å|,Å|,,3,,19,1,1,,,100,9,,0,5,26,20,0,,,18,,8,2,4,,,1,1,,0,,,12,,8,2,1,0,,0,,2,,2,,,1,,8,1,,,,1,,,,3,3,1,0,2,,,,,,,,,3,,,,3,,,0,0,,,,,0,,0,,,,0,,,
ñkê®,1,,,,,,,,,,,,,,,,,,,,1,,,,3,4,1,,,2,,,,,,1,1,,2,,3,1,2,2,,,8,15,,2,34,,1,3,8,5,4,,1,45,19,2,1,13,24,6,8,346,43,,72,28,30,12,,3,0,,,,,6,1,1,0,8,1,,2,1,1,1,1,3,9,13,12,0,1,Å|,Å|,Å|,Å|,Å|,22,16,17,Å|,Å|,Å|,Å|,Å|,Å|,Å|,Å|,4,2,,68,1,3,,,145,10,10,27,29,13,11,2,,0,28,,1,1,4,1,1,1,2,1,,,,20,,22,10,,,4,6,1,4,1,,,,5,2,2,3,,1,0,3,,,,14,17,1,7,2,,,3,1,,,,,4,,0,,4,1,1,,4,,,,,1,0,,,,,,,,
à…ê®éuñÄ,,,,,,,,,,,,,2,,,,,,,,,0,,,0,,,,,3,,,0,,,,,,,,2,1,0,,,,3,5,3,2,2,1,1,,0,,4,1,,22,7,,,2,20,0,3,120,21,,25,10,18,6,2,,,,2,,,0,,,,0,,,,0,2,,,1,,2,,,0,Å|,Å|,Å|,Å|,Å|,10,4,10,Å|,Å|,Å|,Å|,Å|,Å|,Å|,Å|,,1,,4,0,,,,5,2,1,2,3,2,2,6,,,3,,,1,3,,,0,0,,,,,4,0,5,8,,,0,4,,,,,,,0,0,4,2,,,,,0,,,16,1,,2,0,,,0,0,1,,,,1,1,2,,1,,,,,,,,,,,,,,,,,,
à…âÍ,,0,,,,,,,,,,,,,,,,,,,,0,,,,,,,,2,,,,,,,2,,,,,,,,,,1,1,4,,1,,,,,,,4,,4,1,0,,9,4,,,25,3,,6,2,6,,,,,,,,,6,,,,1,,,,,,1,,,,0,0,,0,Å|,Å|,Å|,Å|,Å|,1,0,,Å|,Å|,Å|,Å|,Å|,Å|,Å|,Å|,,,,,,1,,,5,,,,,,,,,,,,2,,0,0,,,,,,,,1,,1,4,,0,,,,,,,,,,,,,,,,,,,,2,1,,,,,0,2,,,,,,,,,,,,,,,,,,,1,,,,,,,,,
ìåãIèB,,,,,,,,,,,,,,,,,,,,,,1,,,,,,,,,,,,,,1,,1,,,,,,1,,,,,,,,,,,,,,,,,,,,0,0,,,9,2,,3,3,2,0,,,,,,,,0,,,,,,,,,,,,,,,,,,Å|,Å|,Å|,Å|,Å|,1,0,,Å|,Å|,Å|,Å|,Å|,Å|,Å|,Å|,,,,2,,,,,5,1,1,0,0,5,0,0,,,4,,1,1,0,,,,0,,,,,2,,0,,,,,,,0,,,,,0,,,,,,,,,,,1,2,,,,,,,,,,,,,,,,,,,0,,,,,,,,,,,,,,,
ìÏïî,0,,,,,,,1,,,6,,,,,,,,1,,1,,,,1,0,,,,3,0,1,,,,1,1,,1,,4,2,0,,,,17,16,6,2,11,1,2,,,9,2,3,,53,18,3,2,36,34,0,15,351,45,,55,22,43,10,3,3,1,,0,1,,9,5,2,,30,3,1,6,2,1,2,0,,2,7,1,,,2,,,1,1,13,6,29,34,9,26,,4,,,,Å|,Å|,Å|,1,,15,,,10,62,2,0,3,,8,8,,,,,3,5,0,2,0,3,1,1,0,0,,23,,28,15,,5,4,4,4,5,1,0,,,9,4,1,1,,,1,2,0,,,39,12,6,0,3,1,,4,2,,,,,8,1,1,,13,2,1,,1,,1,,,2,2,,,,,0,0,1,
ìåñkïî,,,,,,,,,,,0,,,,,,,,,,,,,,,,,,,2,,,,,,,,0,,,,,,,,,3,2,3,2,7,2,1,1,,1,,,,14,9,5,,10,19,,4,128,21,,39,8,30,4,,,1,,,,,1,2,0,,16,0,,8,3,7,1,,,1,,1,,,,2,,3,0,5,5,12,53,4,13,3,2,1,,,Å|,Å|,Å|,39,0,3,0,,22,28,1,6,5,2,5,1,,0,2,,3,,,1,1,0,2,1,,,,6,,9,2,,,0,0,,,,,,,1,2,1,0,,,0,,,,,10,4,5,,2,,,0,3,,,,,1,,1,1,0,,,0,,,,,,0,,,,,,1,,,
íÜïî,,,,,,,,,,,,,,,,,,,,,,,,,1,,0,,1,1,,,,,,,,,,,,,,,,3,3,,,,4,,1,,,1,,,,7,3,1,,12,11,,1,64,6,,10,6,10,6,0,,0,0,,,,1,0,,,2,,0,1,,0,2,,,,,0,,1,,,,,1,2,6,5,17,1,3,,,,,,Å|,Å|,Å|,,,3,,,4,22,,,,,,1,,,,,2,,0,0,0,0,,,,,,0,,8,6,,,1,,,2,,0,,,0,1,,0,,,,,,,,6,5,,,1,,,1,,0,,,,1,,,,0,1,,,,,,,,,,,,,,,,,
ãûìs,8,0,,,,,,0,2,,26,3,5,0,5,8,,2,1,,1,6,1,1,14,4,,,,14,2,1,1,,0,7,9,2,0,,5,6,7,2,1,3,51,76,8,5,35,7,8,10,7,35,15,4,1,216,131,45,3,113,251,16,47,"2,032",366,2,482,144,284,69,10,14,26,5,5,3,,121,62,13,3,202,4,3,106,21,31,11,18,11,24,30,15,6,12,54,16,14,7,9,167,120,200,336,37,256,19,68,4,,2,1,39,,Å|,Å|,Å|,Å|,Å|,Å|,Å|,Å|,Å|,Å|,Å|,Å|,Å|,Å|,Å|,Å|,Å|,42,44,13,10,13,9,6,4,2,1,1,97,0,162,77,,21,17,15,12,21,7,5,0,1,43,15,14,7,2,0,0,6,,0,,190,64,28,11,29,5,1,18,11,,2,,,34,5,,0,44,5,4,1,3,,1,,,4,1,1,1,1,,12,2,,
âFé°,,,,,,,,,,,1,,,,,,,,,,,,,,,,,,,14,,1,,,,1,1,,1,,0,,3,4,,,3,6,5,1,8,1,,,,,2,,,13,8,0,,20,40,3,5,251,40,,42,9,32,3,0,0,4,1,,,,12,7,0,6,24,,15,10,2,4,0,2,,4,4,4,1,1,1,,4,1,5,9,9,26,49,4,17,1,1,0,,,,0,,Å|,Å|,Å|,Å|,Å|,Å|,Å|,Å|,Å|,Å|,Å|,Å|,Å|,Å|,Å|,Å|,Å|,4,1,6,2,1,1,11,2,,,,12,,27,5,,6,14,3,1,4,0,,,,6,1,0,1,0,,,2,,,,33,15,1,1,4,1,1,2,1,3,,,,4,2,,,2,2,0,,0,1,1,,,2,4,,,,,2,,,
ñkïî,,,,,,,,,0,,,,,0,,,,,,,0,,,0,,,,,,,,,0,,,,1,0,,,,0,0,1,0,0,1,1,,,1,,1,,0,1,0,1,,4,2,,,3,6,0,0,58,8,,9,8,14,1,2,,1,,1,,,2,,,0,1,0,,0,,,,,,1,0,1,,0,2,0,0,,,1,3,5,7,3,3,1,3,,1,,15,3,3,Å|,Å|,Å|,Å|,Å|,Å|,Å|,Å|,Å|,Å|,Å|,Å|,Å|,Å|,Å|,Å|,Å|,6,0,1,,1,,2,,0,0,,4,1,18,4,,0,,3,,0,,,,,,0,,,,,,2,,0,0,2,2,0,,,,,1,,,,,,1,1,,,,1,,,,0,,,,1,,,,0,,0,,,
ãTâ™,,,,,,,,,,,0,,,,,,,,,,,,,,,,,,,0,,,,,,,,,,,,,,,,,1,2,,,1,,,,,,,,,4,2,,,4,3,,,36,5,,6,3,17,5,,1,,,,,,,,,,,,,,1,1,,,,,2,,,,,0,,,,,2,1,7,1,3,,,,,,,0,,Å|,Å|,Å|,Å|,Å|,Å|,Å|,Å|,Å|,Å|,Å|,Å|,Å|,Å|,Å|,Å|,Å|,1,,4,0,,,0,0,,,,2,,5,3,,1,,,,0,1,,,,1,1,1,0,,0,,0,,,,3,,,,,,0,0,,,,,,1,1,,,3,1,,,,,,,,,,,,,,,,,
ìÏïî,,,,,,,,,,,0,,,,,,,,,,,,,,,,,,,,,,,,,,,,,,,,,,,,,,,,,,,,,,,,,,,,,,,,,2,,,,,,,,,,,,,,,,,,,,,2,,,,,,,,,,,,,,,,,,,0,,0,,,,,,,,,Å|,Å|,Å|,Å|,Å|,Å|,Å|,Å|,Å|,Å|,Å|,Å|,Å|,Å|,Å|,Å|,Å|,,,,0,,,,,,,,,,,,,,,,,,,,,,,,,,,,,,,,,,,,,,,,,,,,,,,,,,,,,,,,,,,,,,,,,,,,
ëÂç„,2,,,,,,,0,1,,6,,,1,,,,,3,,3,7,0,1,7,2,1,,2,26,,1,1,,,0,4,1,4,,15,7,10,5,3,4,47,67,5,3,39,1,11,6,5,43,14,0,1,222,98,7,2,114,296,18,36,"2,492",281,,490,143,225,57,6,9,9,0,4,,3,195,59,26,19,274,7,9,144,36,19,10,6,4,28,19,8,2,13,58,22,16,12,12,71,64,98,"1,387",64,547,100,145,5,5,5,10,22,4,Å|,Å|,Å|,Å|,Å|,Å|,Å|,Å|,Å|,Å|,Å|,Å|,Å|,Å|,Å|,Å|,Å|,186,116,84,35,19,18,25,10,1,6,3,383,3,493,187,5,44,32,22,16,53,5,6,2,1,119,66,33,22,9,1,2,21,1,1,0,422,183,65,24,43,11,3,35,9,3,0,,,47,7,1,0,63,13,1,5,3,1,5,,,12,6,1,0,7,0,8,1,,
ç‰,,,,,,,,,2,,,,,0,,1,,,0,,0,1,,,0,,,,,0,1,1,,,,,,,1,,2,5,1,,1,,7,20,2,2,12,1,4,4,,9,4,,1,44,11,4,,16,40,1,11,434,46,,103,33,43,18,6,2,0,2,,1,,23,20,13,3,70,3,2,44,11,6,6,3,1,0,4,2,,,17,4,2,5,1,14,13,46,186,4,81,9,10,2,,1,62,28,22,Å|,Å|,Å|,Å|,Å|,Å|,Å|,Å|,Å|,Å|,Å|,Å|,Å|,Å|,Å|,Å|,Å|,9,41,13,8,4,3,6,2,,1,,157,2,145,42,2,6,21,4,7,12,4,1,,,11,6,2,8,4,,,3,,0,0,82,37,9,4,8,2,,2,2,3,,,,7,,1,,12,4,1,1,1,,2,1,,3,6,,,0,,,,,
ìåëÂç„,,,,,,,,,,,1,,,,,,,,,,,,,,1,1,,,,5,,1,,,,,,,0,,,4,1,,1,,9,7,2,3,11,0,3,2,4,11,5,,,31,12,2,1,27,49,,7,441,53,,96,20,25,35,2,3,4,1,2,,,34,20,6,4,40,4,1,18,2,3,6,5,1,4,4,4,0,1,14,1,4,1,1,13,12,21,169,9,65,,10,1,,1,2,1,,Å|,Å|,Å|,Å|,Å|,Å|,Å|,Å|,Å|,Å|,Å|,Å|,Å|,Å|,Å|,Å|,Å|,6,23,13,7,1,5,2,1,,2,0,83,0,91,30,2,4,6,5,2,6,3,,0,0,16,9,3,15,2,1,0,4,,,1,77,36,3,6,9,3,3,8,6,1,,,,8,3,,,9,3,,,0,,1,,,3,4,,,,,,,,
ñLíÜ,2,,,0,1,,,,,,2,,,,,,,,5,,,1,0,,2,,,,,2,1,,,,,,2,1,,,,3,3,1,,1,22,26,4,3,17,1,3,,2,13,6,2,1,37,20,12,,43,67,3,12,699,67,,121,43,45,19,,1,4,4,4,,,30,27,6,6,69,3,1,30,2,1,9,1,2,1,4,1,,3,11,4,2,2,3,20,21,62,138,4,71,0,27,2,,0,0,6,,Å|,Å|,Å|,Å|,Å|,Å|,Å|,Å|,Å|,Å|,Å|,Å|,Å|,Å|,Å|,Å|,Å|,38,34,21,10,5,3,11,2,0,2,1,97,39,145,56,,18,15,3,4,27,11,0,,,36,18,6,7,1,1,1,4,0,,,117,74,11,6,17,3,4,9,3,1,1,,,8,0,,,10,9,1,1,1,,4,0,,4,1,,,1,,3,,,
ê_åÀ,3,0,,,,,,1,0,,4,,,2,,,,,2,,0,1,,,1,4,,,,11,,0,0,,,0,1,0,,,7,5,1,2,,1,18,14,1,2,14,1,5,1,3,18,5,0,1,69,39,4,1,43,78,6,16,905,109,,187,61,84,14,1,3,6,,,,,25,17,4,4,34,,,29,2,12,19,5,2,2,5,3,,2,14,3,3,7,4,34,39,56,250,14,65,5,29,3,,0,3,5,,Å|,Å|,Å|,Å|,Å|,Å|,Å|,Å|,Å|,Å|,Å|,Å|,Å|,Å|,Å|,Å|,Å|,16,5,6,20,9,8,12,6,1,4,0,195,5,207,118,2,23,21,10,8,16,3,2,0,0,30,24,16,6,9,1,3,3,,,,173,63,14,3,13,4,1,19,6,2,3,,,25,1,1,1,31,4,1,0,4,,2,,,6,8,,,,,2,,,
ìÚçË,,,,,,,,,0,,5,,,,,,,,,,,,,,0,,1,,,0,,1,,,,,1,0,0,,4,3,2,,,,18,11,5,,7,,5,0,0,6,3,,,47,26,2,2,32,81,2,4,631,63,,154,33,78,17,0,,3,1,2,,,22,16,2,,40,4,,15,3,10,6,7,1,6,3,2,,7,10,3,3,2,1,12,20,39,181,13,99,26,13,2,,5,,2,,Å|,Å|,Å|,Å|,Å|,Å|,Å|,Å|,Å|,Å|,Å|,Å|,Å|,Å|,Å|,Å|,Å|,13,19,1,5,2,3,7,2,1,0,,79,3,120,32,,19,9,7,7,11,6,0,,1,17,10,4,9,2,0,1,1,,,,119,40,4,2,10,,0,8,3,1,1,,,6,3,,0,10,5,1,0,,,0,,,2,0,,,,,,,,
îdñÅ,,,,,,,,,0,,,,,,,,,,,,,2,,,,,,,,13,,,,,,,1,,0,,1,,0,2,1,2,21,13,2,5,6,3,6,0,7,10,1,1,,52,23,4,,47,78,10,7,517,73,2,111,33,46,14,2,2,1,,1,,,8,2,0,,17,0,2,12,2,1,14,2,,1,8,1,,2,10,5,3,4,1,28,21,30,98,6,68,20,11,2,,0,8,5,,Å|,Å|,Å|,Å|,Å|,Å|,Å|,Å|,Å|,Å|,Å|,Å|,Å|,Å|,Å|,Å|,Å|,12,3,3,19,5,5,6,2,,0,1,117,5,65,44,,10,7,2,3,9,0,1,0,,13,15,5,5,3,,2,1,,4,,53,24,7,3,6,1,,7,4,,0,,,6,2,,,11,1,1,0,,,1,,,7,3,,,,,,,,
íAîn,,,,,,,,,,,0,,,,,,,,,,,,,,,,,,,,,0,3,,,,,,,,,,,,,,1,1,,,0,,,,,1,,,,1,1,0,,4,5,2,0,15,4,,7,1,2,1,,,0,,,,,,0,,,3,,,,,,,1,0,,,,,,4,,0,1,,0,1,2,6,0,2,0,2,6,,0,8,1,1,Å|,Å|,Å|,Å|,Å|,Å|,Å|,Å|,Å|,Å|,Å|,Å|,Å|,Å|,Å|,Å|,Å|,1,,,0,3,,3,,0,,,8,,3,0,,,,,0,0,,1,,,2,,0,0,2,0,,,,,,5,1,,,,,,,,,,,,0,,,,,,,,,,,,,,,,,,,,,,
íWòH,,,,,,,,,,,,,,,,,,,,,,,,,,,,,,,,,,,,,,,,,,,,,,,1,2,,,,,,,,,,,,2,2,,,3,,,1,20,7,,4,1,4,,,,,,,,,,,,,3,,,,,,,,,,0,,,,,,,,,1,0,0,3,,1,,,,,,,,,Å|,Å|,Å|,Å|,Å|,Å|,Å|,Å|,Å|,Å|,Å|,Å|,Å|,Å|,Å|,Å|,Å|,,2,,,,,2,,,,,0,,4,,,,,,2,,,,,,,,,,0,,,,,,,3,1,,,,,,1,,,,,,,,,,1,0,,,,,,,,,,,,,,,,,
íOîg,,,,,,,,,,,,,,,,,,,,,,,,,,,,,,,,,,,,,,,0,,,,,,,,,2,,,,,,,,,0,,,0,,2,,0,3,,,9,0,,3,1,1,,,,,,,,,,,,,,,,,,,0,,,,,,,,,,,,,0,9,,3,1,0,,0,,,,,0,,Å|,Å|,Å|,Å|,Å|,Å|,Å|,Å|,Å|,Å|,Å|,Å|,Å|,Å|,Å|,Å|,Å|,,,1,,,,,,,,,2,,1,2,0,0,,,,1,,,,,,,,,,,,0,,,,5,,,0,,,,,,,,,,,,1,,1,,,,,,,,,,,,,,,,,,
ìﬁó«,2,,,,,,,1,1,,2,,,,,,,,3,,1,2,,,1,,1,,,5,0,2,1,,,1,4,,1,,5,,10,,1,1,8,10,7,1,14,1,4,11,1,3,1,4,,41,29,4,,39,89,6,12,523,72,,84,32,61,13,5,3,0,1,,,0,13,13,6,5,37,3,,17,,3,5,5,2,5,9,3,1,2,14,2,3,,5,37,15,39,178,6,68,18,28,3,,4,,2,,Å|,Å|,Å|,Å|,Å|,Å|,Å|,Å|,Å|,Å|,Å|,Å|,Å|,Å|,Å|,Å|,Å|,15,28,9,5,0,4,3,0,,,,35,,61,24,,5,3,1,7,3,2,3,,0,9,8,3,5,,0,0,4,,,,65,24,9,4,10,1,2,2,3,2,1,,,6,2,0,,8,1,0,,4,,1,,,4,1,,,1,,0,,,
ìÏòa,,,,,,,,,,,,,,,,,,,,,,,,,,,,,,,,,,,,,,,,,,,,,,,,,,,,,,,,,,,,,3,,,,,,,15,1,,,,,,,,,,,,,2,,,,,,,2,,,,,,,,,,,,,,,,,,1,4,,1,,,,,,,,,Å|,Å|,Å|,Å|,Å|,Å|,Å|,Å|,Å|,Å|,Å|,Å|,Å|,Å|,Å|,Å|,Å|,,,,,,,,,,,,,,0,,,,,1,,,,,,,,0,,,,,,,,,,1,,,,1,,,2,,,,,,,,,,2,,,,,,,,,,,,,,,,,,
òaâÃéR,3,,,,,,,,,,1,,,,,,,,,,,,,,,0,,,,1,,,,,,,0,,,,,,1,1,,,7,1,1,,5,4,1,0,,1,,,0,12,1,,,11,2,,3,121,16,,19,5,14,1,0,0,,,,,,2,1,,,3,,,2,0,,0,,,3,,0,0,,2,0,4,3,,10,3,6,31,9,21,8,1,,2,1,3,3,2,42,4,6,1,,186,9,6,38,16,13,12,1,,,15,,Å|,Å|,Å|,1,,,1,0,0,,,9,1,19,8,,1,2,,2,0,,,,,2,0,2,1,0,,1,2,,,,10,12,2,1,1,,0,1,2,,,,,2,0,,,4,1,,,1,,,,,2,1,,,1,,,,,
ìcï”,1,,,,,,,,,,,,,,,,,,,,,,,,,,,,,,,,,,,,,,,,,0,,,,,,,,,,,,,,1,,,,0,,,,0,3,,1,10,1,,1,1,,1,,,,,,,,,,,,,,,,,,,1,,,,,,,0,,,,1,0,,,6,1,3,2,1,1,,1,5,,,44,1,0,,,116,41,23,34,5,19,3,,2,,28,,Å|,Å|,Å|,,,,,,,,,2,,2,1,1,,0,1,,,,2,,,,,,,,,,,,,,1,1,,,,,,,,,,,,,,,,,,,,,,,,,,,,1,,,0,,,0
êVã{,,,,,,,,,,,1,,1,,,,,,,,,,,,0,,,,,0,,,,,,,,,,,,,,,,,0,,,,,,0,,,0,,,,1,1,,,0,5,,,7,5,,2,0,1,0,,0,,,,,,,,,,2,,,,,,,,,0,0,,,,2,,,1,,1,,0,10,,4,4,4,3,0,0,0,,0,13,6,1,4,,84,13,13,21,6,1,3,,,1,9,,Å|,Å|,Å|,1,,,,,,,,1,,1,0,,,,1,,,,,,,,,,,,,,,,,,,1,,,,,,1,,,,,,,,,,,,,,,,0,,,,,,,,,,,,
ìåïî,0,,,,,,,,,,0,,,,,,,,,,0,,,,0,,,,,1,,,,,,,0,,1,,1,,,,,,2,,,,0,,0,,,1,0,,,1,1,0,,1,3,,0,11,2,,5,0,3,0,0,,,,,,,1,,,0,2,,,1,,,0,,,0,2,,,0,0,0,,,,3,1,2,6,0,7,,1,,0,,2,1,0,10,2,,0,0,35,8,7,11,20,5,19,0,,,5,,1,,1,Å|,Å|,Å|,23,5,1,1,0,29,0,40,4,,6,0,0,0,0,1,1,,,3,1,3,0,,0,,0,,,1,11,3,,,1,,,3,0,,,,0,2,,,,1,0,,,0,,,,,0,,1,,,,,,0,
êºïî,,,,,,,,,0,,,,,,,,,,,,,,,,,,,,,,,,,,,,,4,,,1,,0,,,,0,,,,2,,,,,,,,,3,,,,,0,,2,11,1,,1,0,4,,9,,,,,,,1,,,,1,,,0,,,,,,,,,,,1,,,0,,1,5,1,7,0,4,,1,,,,0,1,0,13,1,1,,,19,4,1,5,9,2,5,3,,,0,,,,,Å|,Å|,Å|,6,5,6,10,1,59,1,23,3,,2,3,1,0,2,0,1,,0,5,,3,0,,,,2,,,,3,2,0,,1,,,2,3,0,,,,2,0,,,4,0,,,1,,,,,0,,0,,,,,,,
íÜïî,,,,,,,,,,,0,,,,,,,,,,,,,,,,,,,,,,,,,,,,,,,,,,,,,0,,,,,,,,0,,,,2,,,,3,0,,,3,2,,6,,0,,,,,,,,,,,,,,,,1,,,,,,,,,,,2,0,1,,0,0,0,5,6,0,2,1,1,0,,,3,0,0,9,1,,,,18,3,5,3,8,3,5,,,,4,,,,,Å|,Å|,Å|,5,2,1,1,,8,,5,0,,0,,0,0,0,,1,,,,,0,,0,,,,,,,0,,,,,,,1,0,,,,,1,,,,1,,,,1,,,,,1,,,,,,,,,
èºç],,,,,,,,,,,0,,0,,,,,,,,0,,,,0,,,,,1,,,,,,,,,2,,2,2,1,,1,,15,,,,1,,,4,,2,,,0,2,0,,,2,2,,0,17,1,,4,1,3,,4,1,1,,,,,2,0,1,,0,,,2,,1,1,,,2,0,,,,0,,,2,,2,1,4,10,1,4,1,2,0,,0,1,2,,6,11,2,0,,25,6,2,11,12,7,6,3,2,,3,,1,,,23,6,5,Å|,Å|,Å|,Å|,Å|,54,0,19,5,,12,3,2,,2,1,1,,,2,1,4,1,,0,,2,,,,11,8,1,0,1,,,1,1,,,,,3,,,,2,1,,,,,1,,,2,,0,,,,0,,,
èoâ_,,,,,,,,,,,,,,,,,,,,,,,,,,,,,,0,,,,,,,,,,,0,,,,,,,,,,0,,,,,,,,,0,0,,,0,,0,,6,1,,,0,,,,,,,,,,,,,,1,,,,1,,,,,,,,,,,0,,,,4,2,0,4,,3,,1,,,,1,1,,4,2,,0,,10,2,1,2,6,1,2,,,,0,,0,,,5,5,2,Å|,Å|,Å|,Å|,Å|,29,,1,0,,5,1,1,0,0,0,1,,,3,0,0,,,,,0,,0,,8,2,2,0,,0,,1,,,,,,1,,,,0,,,0,,,,,,0,,,,,,,,,
âvìc,,,,,,,,,,,,,,,,,,,,,,,,,,,,,,,,,,,,,,,,,,,,,,,,,,,,,,,1,,,,,,,2,,1,,,,4,0,,1,,,,,,,,,,,,,,,,,,,,,,0,,,,,,,,,,,,,,,1,,1,0,,,,,0,,,2,,0,,,1,,,0,1,1,,0,,,,,0,,,1,6,1,Å|,Å|,Å|,Å|,Å|,0,,3,0,,,,,,1,,0,,,0,1,,,,,,,,,,3,3,,,,,,0,,,,,,0,,,,,,,,1,,,,,,,,,,,,,,
ïlìc,,,,,,,,,,,,,,,,,,,,,,,,1,,,,,,,,,,,,,,,,,,,,,,,,,,,1,,1,,,,,,,3,0,,,1,1,,,9,2,,1,3,,,,,,,,,,,,,,,,,,,,,,,,,,,,1,,0,0,,0,0,3,2,,0,,,,,,0,,,1,,0,,,6,1,2,2,5,0,0,,,,,,,,,1,10,1,Å|,Å|,Å|,Å|,Å|,3,,1,,,11,2,1,0,0,,1,,,,0,,,,,,0,,,,1,1,,,0,,,1,,,,,,0,,,,0,,,,0,,0,,,,,,,,,,,,
ëÂìc,,,,,,,,,,,,0,,,,,,,,,,,,,,,,,,,,,,,,,,,,,,,,,,,,,,,,,,,,,,,,,,,,,,,,5,2,,0,,1,,,,,,,,,,,,,,,,,,,,,,,,,,,0,,,,,0,,,3,,0,,,,,,,,,1,,,,,3,,0,1,0,,1,,,,,,,,,0,1,,Å|,Å|,Å|,Å|,Å|,1,0,,1,,1,,,,0,,,,,,,,,,,,,,,,0,,4,,,,,0,,,,,,1,,,,1,,,,,,,0,,,,,,,,,,,
åßìÏ,0,,,,,,,,1,,4,,,,,,,,1,,1,4,1,,1,0,,,,7,1,,0,1,,6,1,,1,,0,2,5,1,,1,24,12,,3,17,2,7,0,0,8,2,3,,47,26,29,1,45,98,3,14,685,115,,107,40,67,16,7,3,1,1,1,1,,5,3,1,2,17,1,,1,2,,9,0,2,4,6,5,0,1,13,4,1,4,2,35,25,44,114,5,63,12,20,4,1,2,23,6,0,97,12,4,2,,383,157,83,97,195,79,117,8,0,2,35,,9,2,1,29,59,8,54,29,0,3,1,Å|,Å|,424,63,2,26,24,20,15,32,2,47,8,4,724,328,54,62,11,5,3,50,1,0,5,330,40,8,34,15,1,3,13,5,,1,,1,18,3,1,,45,1,,0,5,0,1,,,13,2,1,,,,1,,,
í√éR,,,,,,,,,,,,,,,,,,,,,,,,,1,,,,,,,,,,,,,,1,,,,3,,,,2,2,,,1,,,,,1,,,,1,2,,,1,2,,,35,5,,10,3,0,0,,,,,,,,,,,,2,,,,,,1,,,,,,,,1,1,,,,,2,3,7,1,12,,,0,,,,,,0,,1,,,3,2,0,39,5,3,5,,,,,,1,,,0,1,,0,,,,0,Å|,Å|,9,1,,,3,,,1,,,,,14,2,1,1,,,,,,,,1,2,,,1,,,,0,,,,,0,,,,3,,,,,,,0,,,,,,,,1,,,
çLìá,1,1,,,,,,1,,,1,,,,,,,,0,,0,1,,1,3,3,1,,,21,,0,1,1,,,2,,2,,1,4,6,1,1,1,41,21,2,0,14,2,5,4,3,10,8,1,0,69,48,5,,51,137,3,14,970,137,,185,55,79,11,6,8,,0,,,,5,6,,0,18,7,,8,1,7,9,2,0,3,5,,3,3,13,9,2,5,1,37,18,33,187,12,96,8,22,5,1,0,28,9,8,162,27,18,5,,493,145,91,145,207,120,65,3,4,1,61,0,19,2,1,40,23,5,19,1,3,1,,424,9,Å|,Å|,Å|,137,135,50,45,132,21,27,0,3,99,36,4,13,1,,,29,2,0,2,479,167,32,35,40,3,1,30,13,,1,1,,37,4,3,0,62,11,4,6,11,1,4,3,,46,5,2,,1,1,3,2,,
îıå„,,,,,,,,,1,,,,,0,,,0,,,,,,,,,,,,,4,,,,,,,1,6,0,1,,,1,1,,1,4,12,,,2,,,,0,,,0,,33,17,1,1,19,47,4,8,280,33,,75,23,24,7,3,1,3,4,,,,3,3,,0,6,0,,1,1,2,3,3,,6,3,1,3,,5,4,4,,1,4,4,19,40,8,35,2,10,8,4,,15,2,6,77,5,4,3,,187,42,30,56,118,32,44,0,,2,24,,8,1,0,4,3,0,5,0,0,,1,63,1,Å|,Å|,Å|,23,12,3,5,25,1,6,0,0,11,2,3,1,,,,2,,,,74,19,11,3,8,,,9,2,0,,,,10,1,,,12,,3,2,,,0,,,6,,4,,1,,,,,
îıñk,,,,,,,,,,,,,,,,,,,,,,,,,,,,,,,,,,,,,,,,,,,,,,,,,,,,,,,,8,,,,1,1,,,3,4,1,,11,,,2,0,2,,,,,,,,,,,,,,,,,,,,,,0,,,,0,,,,,,2,,1,1,,1,1,,,,,,,,,,,,,5,2,2,,2,,,,,0,,,,1,,,,,,,,,,2,,Å|,Å|,Å|,,1,,,,,2,,,,1,,,,,,,,,,1,,,,,,,,0,,,,,,0,,,1,,,,,,,,,,,,,,,,,,
éRå˚,0,,,,,,,,,,1,,,,,,,,,,0,,,,0,,,,0,1,,,,,,,1,,,,1,,2,,,1,9,2,,1,1,,0,,,3,,,,11,6,2,,6,5,0,2,68,18,,13,5,8,3,2,,1,,,,,1,,,,3,,,,,,0,1,,2,1,,,0,3,,,4,,9,7,2,16,2,18,0,,,0,,5,,,21,6,0,1,,45,6,4,17,23,20,10,,,0,5,,1,,,6,2,0,12,5,,11,1,26,,137,23,,Å|,Å|,Å|,Å|,Å|,Å|,3,,,7,1,3,,1,,,1,,,,94,36,0,,3,1,,6,2,0,,,,6,,1,1,2,2,1,0,1,0,1,,,4,1,0,0,1,,1,,,
â∫ä÷,,,,,,,,,,,,,,,,,,,,,,,,,,,,,,,,,,,,,0,,,,2,,,,,,2,3,,0,0,,0,,,1,,,,3,3,,,3,1,,2,28,8,,7,5,6,,4,0,,,,,,,,,,0,,,0,,,1,,,1,1,,,1,2,3,1,,,1,1,5,7,,6,,4,0,,,4,0,1,17,14,,,,32,21,6,15,21,9,7,,,,3,,2,0,,0,3,,3,1,,2,,24,3,135,12,1,Å|,Å|,Å|,Å|,Å|,Å|,1,,,8,2,2,0,,,,1,,,,141,32,4,1,7,,,6,4,,,,,5,,0,,18,,,0,1,,0,0,,3,5,,,,,2,,,
âFïî,,,,,,,,,,,,,,,,,,,,,,,,,,,,,,2,,,,,,,,,,,,,,,,,,,,0,,1,,,,,,,,1,,,,,3,,,10,,,11,1,,1,,,,,,,,,,,,1,,,1,,0,0,,,0,,,,0,3,1,2,,1,2,2,1,9,,5,0,6,4,,,4,0,,15,3,3,,,21,4,5,3,10,7,2,,,,1,1,,1,1,0,1,0,2,1,,1,,20,,50,3,,Å|,Å|,Å|,Å|,Å|,Å|,2,,1,3,2,,,,,,2,,,,56,17,4,,2,,,2,0,,,,,2,,0,,15,,,,,,,,,4,0,,,,0,2,,,
ä‚çë,,,,,,,,,,,,,,,,,,,,,,0,,,,,,,,,,1,,,,,,,,,,,3,,,,,0,,,,,,,1,0,,,,5,2,,,2,9,2,2,42,7,,10,4,4,1,,,,,0,,,2,,,,1,,,1,,,,,,,0,,,1,1,1,0,,,0,2,2,5,2,6,,1,,,,4,,,12,1,,,,16,7,2,4,8,7,3,0,2,,7,,2,,,0,0,0,,0,,0,,15,,45,5,,Å|,Å|,Å|,Å|,Å|,Å|,0,,,1,1,0,0,0,,,,,,,22,7,2,,0,,,,,,,,,1,1,,,2,,,,0,,,,,1,0,1,,,,,0,,
ìøéR,,,,,,,,,0,,3,,,,,,,,,,,,,,0,,,,,1,1,,,,,,,,,,,5,0,,2,,7,5,,0,3,0,,,4,1,0,,,6,7,1,,6,16,2,3,100,22,,31,7,12,3,3,0,0,,1,,,,,,,0,,,0,,,0,,1,0,1,0,,,1,1,,2,1,3,5,2,16,3,3,2,4,,,0,5,,2,21,4,0,0,,53,12,6,27,16,11,9,0,,1,3,,0,,,0,2,0,2,0,1,0,0,32,1,132,25,,Å|,Å|,Å|,Å|,Å|,Å|,1,,,6,2,1,0,,,,2,,,,72,27,5,0,1,,,1,2,1,1,,,5,1,0,,7,,,,0,,1,,,4,2,,,1,,1,,,0
îã,,,,,,,,,,,,,,,,,,,,,,,,,,,,,,,,,,,,,,,,,,,,,,,,,,,1,,,0,,7,1,,,0,3,,,,1,,1,17,2,,1,0,6,,,,,,,,,,1,,,3,,,,,,,1,,,,,,,,,,,,1,,1,5,1,2,,1,,,,1,,,7,0,,1,,5,4,3,11,3,6,0,,,,2,,,,,1,0,,1,0,,,,2,,21,1,,Å|,Å|,Å|,Å|,Å|,Å|,,,,1,,,,,,,1,,,,24,2,0,,,,,1,0,,,,,,,,,5,,,,,,0,,,1,,,,,,,,,
ìøìá,1,,,,,,,,,,,,,,,,,,,,0,1,,,0,,,,,0,,,,,,,0,,,,2,,,,,,2,,,,3,,,,1,1,,,,2,1,,,1,2,,,15,,,2,3,0,,2,,,,,,,4,,,,5,,,3,0,,0,,1,2,,,,,6,,0,0,,5,8,2,12,,10,2,,,,,0,,0,5,,,,,6,1,,0,2,0,1,1,,,3,,,2,,2,1,0,1,1,0,1,,47,,27,6,2,3,1,2,0,1,,Å|,Å|,Å|,134,16,5,3,3,,1,24,1,1,1,10,5,1,1,0,,3,1,0,,0,,,4,0,0,,4,,,0,4,,,,,1,1,,,,,0,,,
éOçD,,,,,,,,,,,,,,,,,,,,,,,,,,,,,,,,,,,,,,,,,,,,,,,,0,,,,,,,,,,,,1,,,,,1,,,2,3,,1,,0,,,,,,,,,,,,,2,,,,,,,,,,,,,,,,,,,,,1,2,,1,,,,,,,,,0,,,,,2,,0,,0,,0,,,,,,,,,,,,,,,,,8,,0,0,,,,,,,,Å|,Å|,Å|,6,36,,0,1,,,11,0,,,0,,,,0,,,,,,,,,,,,,,,,,,,,,,0,,,,,,,,,
ìÏïî,,,,,,,,,,,,,,,,,,,,,,,,,,,,,,,,,,,,,,,,,,,,,,,,,,,,,,,,,,0,,,,,,1,1,,,1,0,,0,,0,,,,,,,,,,,,,,,,,,,,,,,,,,,0,,,,,,0,0,1,,,,,,,,,,,1,,,,,1,,0,,0,1,,,,,0,,,,,,0,,,,,,,4,,3,0,,,,1,,,,Å|,Å|,Å|,10,1,0,0,0,,,2,,,,1,2,,,,0,1,0,,,,,,0,,,,,,,,,,,,,,,,,,,1,,,
çÅêÏìåïî,,,,,,,,,,,0,,,,,,2,,0,,,1,,,,,0,,,12,,,,,,,1,,,,2,2,1,,,1,4,0,,,2,,2,,3,3,,,,9,6,0,,5,6,1,2,111,8,,14,6,9,6,2,0,0,,,,,6,,,,2,,,3,,,4,,0,3,2,,,,4,,1,,,11,10,8,38,3,17,1,5,0,,0,9,1,0,43,6,,1,,119,11,16,36,30,17,13,2,,,9,,2,,,3,5,,2,3,0,,,724,14,99,11,,7,8,3,1,6,1,134,6,10,Å|,Å|,63,49,17,8,11,33,1,2,1,44,20,3,2,4,1,,6,5,0,1,,,12,0,,,4,0,1,0,2,,,,,3,0,,,1,,0,,,
çÅêÏêºïî,,,,,,,,,,,,,,,,,,,,,,0,,,1,,,,0,,,,1,,,,,,,,,3,1,,,1,1,4,4,0,,1,1,1,1,,,,,8,3,0,,2,5,,1,59,12,,15,2,8,1,2,,0,1,,,,2,,,,2,,,1,,2,1,2,,,1,,,,2,1,,0,0,3,2,7,14,1,16,,2,0,,,4,2,1,15,1,0,1,,66,6,9,18,24,10,15,,,,8,0,0,,,1,,,1,0,1,0,,328,2,36,2,1,1,2,2,1,1,,16,36,1,Å|,Å|,35,27,11,5,1,27,0,0,,19,7,1,0,2,,,2,7,,,,,2,,,,0,,,,1,,,,,2,,,,2,,,,,
èºéR,0,,,,,,,,,,1,,,,,,,,,,0,0,,,2,,,,,0,1,,,0,,,,,,,2,,1,,,,2,2,,,3,,,,,3,0,,,3,0,1,,2,2,,,11,2,,11,1,1,,0,,,,,,,0,,,,3,,,1,0,,2,0,,2,,4,,1,2,2,,,,5,1,1,10,,3,1,3,6,,,1,2,,14,0,,1,,33,2,3,5,15,4,5,0,,,3,,2,,,3,3,0,4,0,,,,54,1,4,3,,3,2,,0,1,,5,,0,63,35,Å|,Å|,Å|,Å|,Å|,9,,,,3,4,1,,1,,,3,,,,,,5,,1,1,1,,,,4,,0,,,1,,,,,,,,,0
êVãèïlÅEêºè,,,,,,,,,,,1,,,,,,,,,,,,,,1,,,,,0,,1,,,,,0,,,,,3,0,,,,5,2,1,,2,,0,,,0,,,0,10,7,1,,5,5,1,1,49,6,,11,2,5,3,,,,1,,,,,3,,,1,,,1,,0,,,,,0,,,,0,1,,,0,2,4,7,10,1,15,2,4,2,,,1,0,0,8,1,,0,,22,8,15,7,6,10,5,0,,,5,,1,,,0,0,,1,,,,,62,1,13,1,,,0,,0,0,,3,0,0,49,27,Å|,Å|,Å|,Å|,Å|,2,,,0,5,1,,,0,,,1,,,,,,3,,,,1,,,,,,0,,,0,,,,,,1,,,
ç°é°,,,,,,,,,,,,,,1,,,,,,,,,,,,,,,,3,,,,,,,,,,,,,,,,,,,,,,,,,,1,,,,10,2,,,1,2,1,,17,3,,4,1,2,1,,,,,,,,0,,0,,,1,,0,,0,,,,,0,1,,,1,,,,,1,0,1,1,1,2,,,,,,,,,2,0,,,,9,4,2,1,9,2,3,2,0,,,,0,,,,,0,,,,,,11,,1,,,1,,,0,,,3,1,0,17,11,Å|,Å|,Å|,Å|,Å|,1,,,0,2,1,,,0,,,2,1,,,0,,0,,,,1,,,,,,,,,,,0,,,,,,,
âFòaìá,,,,,,,,,,,,,,,,,,,,,,,,,,1,,,,,,,,,,,,,,,,,,,,,,,,,,,,,,,,,,0,,,,,,,,1,1,,,,1,,,,,,,,,,,,,,,,,,,,,,,,,,,,,,,,1,0,2,1,1,1,,1,,,,,,,0,,,0,,1,,1,1,1,0,,0,,,0,,,,,0,,,0,,,,,5,,,,,,,,,,,,,,8,5,Å|,Å|,Å|,Å|,Å|,,,,,2,1,,,,,,,,,,,,,,,,,,,,,,1,,,,,,,,,,,,
î™î¶ïlÅEëÂèF,,,,,,,,,,,,,,,,,,,,,,,,,,,,,,,,,,,,,,,,,,,,,,,,,,,,,,,,,,,,3,,,,,,,,,1,,2,,,,,,,,,,,,,,,,,,,,1,,,,,,,,,,,,,,,9,,,,0,,0,,,,1,0,,0,,,,,2,,0,1,3,1,2,,,,0,,1,,,,,,,,,,,3,,,,,,,,,,,1,,,11,1,Å|,Å|,Å|,Å|,Å|,,,,,3,,,,,,,,,,,,,,,,,,,,,,,,,,,,,,,,,,,
íÜâõ,0,,,,,,,,,,,,,,,,,,,,0,,,,,,,,,2,,,,,,,0,,,,0,,,,,,1,,3,,3,1,,,,1,,,,1,0,,,2,2,,,13,1,,5,1,4,0,1,,,,,,,2,,,,3,0,,0,,2,,5,0,1,0,,,,2,,0,,,4,1,1,11,1,3,1,3,,,,2,,,6,2,2,0,,22,3,4,4,3,1,1,,,0,4,,2,,,0,2,,2,0,,0,,50,,29,3,,1,1,2,,2,0,24,11,2,33,27,9,2,1,,,Å|,Å|,Å|,Å|,13,5,,,,,,0,0,,,,,10,,,,0,,,,1,,1,,,2,,,,,,,,,
î¶ëΩ,,,,,,,,,,,,,,,,,,,,,0,,,,,,0,,,1,,,,,,,,,,,,,,,,,,,,,,,,,,,,,,,,,,,0,,,1,0,,0,,0,,,,,,,,,,,,,,,,,,,,,,,,,,,0,,,,,,0,,,,,,,0,,,0,,,,,,,,1,,,0,,,,,,,,,,,,,,,,,,,,1,,2,,,,,,,,,1,0,,1,0,,,,,,Å|,Å|,Å|,Å|,0,0,,,,,,,,,,,,,,,,,,,,,,,,,,,,,,,,,,
çÇî¶,,,,,,,,,,,,,,,,,,,,,,,,,,,,,,,,,,,,,,,,,,,,,,,,,0,,,,,,,,,,,1,,,,0,,,,1,,,,,,,,,,,,,,,,,,,,,,,,,,,,,,,,,,,,,0,,,,,,,,,,,,,,0,,0,,,1,0,,,,,4,,,,,,,,,,,,,0,,,,0,,0,,,,,,,,,1,,,2,0,,,,,,Å|,Å|,Å|,Å|,,,,,,,,,,,,,,,,,,,,,,,,,,,,,,,,,,,,
à¿å|,,,,,,,,,,,,,,,,,,,,,,,,,,,,,,,,,,,,,,,,,,,,,,,,,,,,,,,,,,,,,,,,,,,,,,,,,0,,,,,,,,,,,,,,,,,,,,,,,,,,,,,,,,,,,,0,,,,,,,,,,,,0,,,0,0,1,,,,,,,,,,,,,1,,,,,,,,5,,2,,,,,,,,,1,,,1,,,0,0,,,Å|,Å|,Å|,Å|,,,,,,,,,,,,,,,,,,0,,,,,,,,,,,,,,,,,,
ïüâ™,1,,,,,,,,1,,1,,,,,,,,1,,3,1,,,0,1,,2,0,1,,,,,,,1,0,1,1,3,3,5,0,1,,8,6,0,,8,,,1,4,7,2,,,9,9,1,,14,9,4,5,144,25,,27,19,15,1,6,0,,,1,,,9,2,3,1,11,2,,8,1,5,2,,2,6,9,4,1,1,34,4,5,5,3,17,22,46,146,9,91,3,16,11,2,1,38,10,6,190,33,2,3,,422,82,77,117,173,119,53,5,3,5,65,1,10,1,,11,3,0,11,8,3,1,0,330,1,479,74,1,94,141,56,22,72,24,10,0,1,44,19,3,5,3,2,3,13,0,,,Å|,Å|,Å|,Å|,832,4,16,646,251,10,8,,1,820,127,24,6,444,109,43,11,19,2,30,0,,576,119,11,3,17,3,1,,,1
ñkã„èB,,,,,,,,1,1,,3,,,1,,,,,4,,5,,,,2,2,,,2,18,,,,,,1,,,,,,1,,1,,,4,3,,5,8,,7,1,1,8,,,,11,8,6,,15,19,4,2,128,28,2,46,12,26,3,,,3,,1,,,5,1,2,,6,,,4,,6,2,2,,6,1,,4,1,10,2,3,3,2,12,13,22,95,18,58,3,19,1,2,2,12,4,5,64,15,2,,,183,37,36,74,63,40,24,1,1,,24,,11,1,1,3,2,,8,2,3,1,,40,2,167,19,,36,32,17,7,27,2,5,,1,20,7,4,1,1,1,,5,0,,,Å|,Å|,Å|,Å|,61,4,0,58,30,1,0,,,69,13,2,2,296,75,3,9,26,2,19,2,,61,13,3,,3,1,2,1,2,
ãvóØïƒÅEëÂñ¥ìc,,,,,,,,,2,,,,,,,,,,,,,,,,,,,,,,,,,,,,,,,,1,,,0,1,,,,,,2,,3,1,,,1,,,5,2,,,5,3,4,,49,2,,5,6,7,,0,,,,,,,1,1,,,4,0,,1,0,,,,,,2,,1,0,1,1,2,1,0,2,1,19,12,0,12,2,1,,,,6,5,,28,1,0,,,65,9,3,11,14,4,7,,,,9,,2,,,,0,,1,2,,,4,8,,32,11,,0,4,4,2,5,0,1,,,3,1,1,,,,,,,,,Å|,Å|,Å|,Å|,24,,1,30,15,,,0,1,98,6,2,1,27,2,5,0,3,0,1,,,42,13,2,2,1,,2,,0,
í}ñL,,,,,,,,,,,,,,,,,,,,,,,,,,,,,,,,,,,,,,,0,,,,,,,,,,,,,,,,,6,,,5,2,,1,,1,0,,,7,2,,3,2,3,13,,0,,,,,,,,,,1,1,,,,1,,,,,,,1,,2,,1,,,0,3,7,14,0,11,0,6,2,,,1,,,11,1,,,,24,4,6,6,3,2,3,,,0,4,,1,,,,,,0,0,,,,34,,35,3,,,1,,,0,,1,,,2,0,,,,,,,,,,Å|,Å|,Å|,Å|,17,,,7,5,,,,,8,,,,12,3,,,0,,,,,8,4,,,1,,,,,
ç≤âÍ,,,,,,,,0,,,3,,,,,,,,,,,,,,0,,,,,1,,,,,,,1,,,,1,,,,,,7,1,,0,6,,0,,,2,,,,7,3,0,,2,4,0,,44,16,,4,1,3,4,1,,,,,,,2,,,,0,,,1,0,,1,,,2,,0,,0,3,0,1,,,5,7,4,14,3,10,1,2,0,,,3,2,1,29,4,,,,43,8,10,17,13,10,6,,,,10,1,1,,,1,1,,1,,,0,,15,1,40,8,,3,7,2,0,1,,0,0,,4,2,1,0,0,,,0,,,,832,61,24,17,Å|,Å|,Å|,137,93,2,1,0,,59,5,1,0,31,2,4,1,3,1,1,,,28,10,1,,,,4,0,,
ìÇí√,,,,,,,,,,,,,,,,,,,,,,,,,,,,,,,,,,,,,,,,,,,,,,,,,,,,,,,,,,,,,,,,,13,,,1,,,,2,1,,,,,,,,,,,,,1,,,,,0,,,,,,,,,1,,,,,,1,,2,,1,,,,,,1,,,5,1,,,,11,2,3,3,4,,1,,,,1,,,,,,,,,0,,,,1,,3,,,1,,,,,,,,0,1,,,,,,,,,,,4,4,,,Å|,Å|,Å|,1,5,1,,,,1,0,,,1,,,,,,,,,1,1,,,,,,,,
à…ñúó¢ÅEñkèº,,,,,,,,,,,1,,,,,,,,,,,,,,,,,,,,,,,,,,,,1,,,,,,,,,,,,2,,,,,,,,,0,,,,2,0,,,3,2,,,2,,,,0,,,,,,2,,,,,,,,,,,,,,,,,,1,,,,,1,,,0,1,3,,,,0,,,,,1,1,,0,,3,,3,4,1,0,,,,,2,,0,,,,,,,,,,,3,,1,,,,,,,,,3,,1,,,,,,,,,,,,16,0,1,,Å|,Å|,Å|,0,9,1,,,,2,,,,1,,,,,,,,,0,,,,,,0,,,
í∑çË,1,,,,,,,,,,3,,,,,,,,,,1,,,,1,,,,,10,,,,2,,,2,0,,,,2,,,,,1,,1,,5,,,,10,0,,,0,4,0,,,1,2,,,13,2,,11,1,3,1,7,,,0,,,,1,2,,,1,,,1,0,1,1,,0,0,,,0,0,12,0,,1,,3,2,5,16,2,15,0,3,0,2,,4,0,1,18,2,1,0,,33,2,8,10,18,8,8,,1,,2,2,0,,1,3,2,1,1,1,0,1,0,13,,30,9,,6,6,2,,1,1,1,,0,6,2,3,1,2,,,1,,,,646,58,30,7,137,1,0,Å|,Å|,Å|,Å|,Å|,Å|,15,2,,0,19,0,,2,2,,8,1,,30,4,,,0,,2,1,,
ç≤ê¢ï€,,,,,,,,,,,,,,,,,,,,,2,,,,,,,,,0,,,,,,,0,,,,,1,,,,,1,,0,,0,,,0,,0,,,,3,,,,,1,1,,10,2,,7,2,2,,1,,0,,,,,,,,,,,,,,0,,,,0,1,3,0,,,0,1,,,2,4,0,3,1,5,,1,0,,,2,3,,11,1,,,,9,2,7,4,6,3,5,,,,3,,3,,,0,3,0,1,,,,,5,0,13,2,0,2,5,0,,2,0,0,,,5,7,,,0,,,0,,,,251,30,15,5,93,5,9,Å|,Å|,Å|,Å|,Å|,Å|,9,2,1,,12,1,,,1,0,1,,,18,,1,1,0,0,,,,
å‹ìá,,,,,,,,,,,,,,,,,,,,,,,,,,,,,,,,,,,,,,,,,,,,,,,,,,,,,,,,,,,,0,,,,,,,,1,,,0,,,,,,,,,,,,,,,,,,,,,,,,,,,,,,,,,,0,0,,,,,,,0,,,,,0,,3,,,,3,3,1,1,2,1,,,,,2,,,,,,0,,,,,,,,,,0,,0,,,,1,,,,,1,,,,,,,,,,,10,1,,,2,1,1,Å|,Å|,Å|,Å|,Å|,Å|,2,,,,0,,0,,,,,,,1,,,,,,,,,
à…ñúó¢ÅEñkèº,,,,,,,,,,,,,,,,,,,,,,,,,,,,,,2,,,,,,,,,,,,,,,,,,,,,,,,,,,,,,,,,,,1,,,,0,,,,2,,,,,,,,,,,,,,,,,,,,,,,,,,,,,0,,,0,,,3,1,3,,,,,,,,,2,,,,,1,,,1,3,1,0,,,,1,,,,,,,,,,,,,1,,1,,,,,,,1,,0,,,1,,,,,,,,,,,8,0,,,1,,,Å|,Å|,Å|,Å|,Å|,Å|,1,,,,1,,,,,,,,,,,,,,,,,,
ëŒîn,,,,,,,,,,,,,,,,,,,,,,,,,,,,,,,,,,,,,,,,,,,,,,,,,,,,,,,,,,,,,,,,,,,,,,,,,,,,,,,,,,,,,,,,,,,,,,,,,,,,,,,,,,,,,,2,,,,,,,,,,,,,,,,,,,,,,,,,,,,,,,,,,,,,,,1,,,,,,,,,,,,,,,,1,,,,,,,,,0,,1,,,Å|,Å|,Å|,Å|,Å|,Å|,2,0,,,,,,0,,,,,,,,,,,,,,,
àÎäÚ,,,,,,,,,,,,,,,,,,,,,,,,,,,,,,,,,,,,,,,,,,,,,,,,,,,,,,,,,,,,,,,,,1,,,,,,,,,,,,,,,,,,,,,,,,,,,,,,,,,,,,,,,,,2,,,,,,,,,,,,,,,,,,,,,,,,,,,,,,,,,0,,,,,,,,1,,,,,,,,,,,,,,,,,,,,,,,,,1,,1,,,,,Å|,Å|,Å|,Å|,Å|,Å|,1,,,,1,,,,,,,,,2,,,,,,,,,
åFñ{,0,,,,,0,,0,,,,,0,,,,,,1,,1,,,,1,,,,,1,,,0,,,,0,,,,3,0,,,,,4,1,,,5,,,,,3,,,,6,,,,4,1,,2,25,3,,4,1,3,9,1,,1,,,,,2,1,0,,5,,0,2,,0,2,0,,5,1,,,0,3,1,,4,,4,1,4,13,3,12,3,4,1,,,8,1,1,35,4,0,1,,47,7,8,8,24,6,7,0,,,6,,2,,,2,2,1,3,1,0,0,1,18,0,37,10,,6,6,2,1,5,,4,,0,12,2,4,3,0,,,10,,,,820,69,98,8,59,1,2,15,9,2,1,2,1,Å|,Å|,Å|,Å|,42,9,3,1,4,1,1,0,,152,65,1,2,4,2,4,1,1,
î™ë„ÅEà∞ñk,,,,,,,,,,,1,,,,,,,,,,,,,,,,,,,0,,,,,,,,,,,,,,,,,,,,,,,,,,,,,,0,,,,1,1,,,6,2,,2,0,1,,,,,,,,,,,,,4,,,,,,,,,,,,,,1,,,,,1,3,0,3,,1,,,1,,,1,,,5,2,1,1,,7,,3,0,1,3,2,,,,2,,1,,,,0,,,,,,,3,,4,1,0,,,,1,1,,0,,,0,,,,,,,,,,,127,13,6,,5,0,,2,2,,,0,,Å|,Å|,Å|,Å|,4,,,,0,,,,,106,33,2,1,2,1,,,,
ìVëê,,,,,,,,,,,,,,,,,,,,,,,,,,,,,,,,,,,,,,,,,,,,,,,,,,,,,,,,,,,,,,,,,,,,0,,,1,,1,,,,,,,,,,,,,,,,,,,,,,,,,,,,,,,,0,1,0,2,0,2,,0,2,,,1,1,,,,,,,1,1,,,1,,,,,1,0,,,,,,,,,,,,,1,,3,,,1,0,0,,0,,0,,,,,1,,,,,,,,,24,2,2,,1,,,,1,,,,,Å|,Å|,Å|,Å|,1,,,,,,,,,1,,,,,,,,,
ãÖñÅ,,,,,,,,,,,,,,,,,,,,,,,,,,,,,,,,,,,,,,,,,,,,,,,,,,,,,,,,,,,,,,,,,,,,1,,,,,,,2,8,,,,1,,,,,,,,,,0,,,,,3,,,,,2,,,,,,,,3,,3,,,,,,,1,,0,,,,,0,,,,1,0,,,,,,,,,,,,,,,,,,,,0,,,1,,,,,,,,,,,1,,,,,,,,,6,2,1,,0,,,0,,,,,,Å|,Å|,Å|,Å|,1,,0,,2,,,0,,2,,,,,,,,,
ëÂï™,0,,0,,,,,0,,,3,,,,,,,,,,0,,,,1,,,,,3,,,0,,,,0,,,,1,,2,1,,,5,,0,1,5,,,,,2,,,,3,1,,,3,1,1,1,24,2,,5,0,5,4,2,,,,,,,2,,2,1,1,,,1,1,,0,,,2,1,4,0,1,1,1,2,0,1,8,3,9,12,1,14,3,3,0,,,13,0,0,44,2,,3,,63,12,9,9,30,10,11,,1,1,8,2,4,,,1,4,1,2,0,,0,1,45,3,61,12,1,2,18,15,2,7,5,4,,,4,0,1,1,1,,,0,,,0,445,296,27,12,31,1,1,19,12,0,1,,1,42,4,1,1,Å|,Å|,Å|,Å|,51,8,49,2,1,28,1,4,,2,0,4,,1,
é¸ñhìÂ,,,,,,,,,,,,,,,,,,,,,,,,,,,,,,,,,,,,,,,,,,,3,,,,,2,1,,,,,,,0,,,,0,1,,,1,1,,,5,0,,5,,2,,,0,,,,,,,1,,,0,,,0,1,,0,,,,,,,,,,,,,0,1,1,1,0,5,,1,,,,2,,1,5,2,1,1,,13,4,3,9,4,5,1,,0,,1,,1,,,0,0,,1,,,,,1,,11,,,2,,,,,,,,,0,,,,,,,,,,,109,75,2,3,2,,,0,1,,,,,9,,,,Å|,Å|,Å|,Å|,3,,3,,,4,,,,,,2,,,
ì˙ìcÅEãËéÏ,,,,,,,,,,,,,,,,,,,,,,,,,,,,,,,,,,,,,,,,,,,,,,,,,,,,,,,,,,,,,0,,,,,,,,,,,0,,,,,,,,,,,,,,,,,0,,,,,,,,,,,1,,,0,,0,,3,3,,1,,1,,,,1,,,4,0,,,,1,1,,1,1,1,1,,,,1,,,,,,,,,,,,,,,4,3,,1,,,,,,,,,1,,,,,,,,,,,43,3,5,,4,,,,,0,,,,3,,,0,Å|,Å|,Å|,Å|,1,,1,,,2,,1,,,,,,,
ç≤îå,,,,,,,,,,,,,,,,,,,,,,,,,,,,,,,,,,,,,,,,,2,,,,,,,,,,,,,,,,,,,0,0,,,,,,,5,,,1,,0,,,,,,,,,,,,,,,,,,,,,,2,,,,,,,,,,0,1,,3,,1,0,,,,0,,0,,1,,,,,5,1,,1,0,0,0,,,,,,,,,,,,,0,,,,0,,6,2,,0,0,,,,,0,,,0,,,,,,,,,,,11,9,0,,1,,,2,,,,0,,1,,,,Å|,Å|,Å|,Å|,4,,,,,1,,1,,,,,,,
ã{çË,0,,,,,,,,1,,0,,,,,,,,,,,,,,1,,,,,1,,,0,,,,1,,,,,,,,,,2,0,,,3,,,,,2,,,,3,1,,,5,0,,,2,3,,5,,,,,1,,,,,,2,,,,1,,,0,,,,,1,3,,1,0,,2,,,1,,1,0,,1,,,0,4,,,,2,,,4,0,,,,3,1,0,1,3,,,,,,3,,0,,,0,1,1,,,1,0,,5,,10,,,1,1,,0,0,,3,,,2,0,4,,,,,1,,,,19,26,3,0,3,,,2,1,,,,,4,0,,2,51,3,1,4,Å|,Å|,Å|,Å|,Å|,146,2,,,0,3,1,,,
ìsèÈÅEñkèîåß,,,,,,,,,,,,,,,,,,,,,,,,,,,,,,,,,,,,,,,,,,,1,,,,,,,,,,,,,,,,,,,,,0,,,,,,,,,,0,,,,,,,,,,,,,,,,,0,0,,,,,,,,,,,,,,,5,,0,,,,,,,,,,,1,0,,,1,,,,,,,,,,,,,,,,,,,,,,,0,,1,,,0,,,,,,,,,,,,,,,,,,,,2,2,0,,1,,,,0,,,,,1,,,,8,,,,Å|,Å|,Å|,Å|,Å|,57,0,,1,,2,,,,
âÑâ™,,,,,,,,,,,0,,,,,,,,,,,,,,,,,,,7,,,0,,,,,,,,,0,0,,,,,1,,,,,,,,,,,,1,0,,,2,3,,0,24,3,,8,,3,,,1,,,,,,0,,,,1,,,,,,,,,,,,0,0,1,,,0,,1,1,3,1,1,4,,,,,,2,,,1,1,,,,5,2,1,4,2,0,2,,,,1,,,,0,,,,1,,,0,,1,,4,0,,1,0,,,1,0,,,,,,0,0,,0,,1,,,,30,19,1,,1,,,8,1,,,,,1,,,,49,3,1,,Å|,Å|,Å|,Å|,Å|,19,1,0,,1,,,,,
ì˙ìÏ,,,,,,,,,,,,,,,,,,,,,,,,,,,,,,,,,,,,,,,,,,,,,,,,,,,,,,,,,,,,,,,,,,,,,,,,,,,,,,,,,,,,,,0,,,,,,,,,,,,,,,,,,,,,,,,,,,,,,,,,,,,,,,1,,0,,,,,,,,,,,,,,,,,,,0,,0,4,,,,0,,,,,,,,,,,,,,,,,,,0,2,,,,,,1,,,,,,0,,,0,2,,,,Å|,Å|,Å|,Å|,Å|,6,0,,,,,,,,
è¨ó—ÅEêºèîåß,,,,,,,,,,,,,,,,,,,,,,,,,,,,,,,,,,,,,,,,,,,,,,,,,,,,,,,,,,,,,,,,,,,,,,,,,,,,,,,,,,,,,,,,,,,,,,,,,,,,,,,,,,,0,2,,,,,,,,,,,,,,,,,,,,,,,,,,,,,,,,,,,,,,,,,,,,,,,,,,,,,,,,,,,,,,,,,,,,,,,,,,,,,,,,,1,,,,Å|,Å|,Å|,Å|,Å|,1,,,,,,,,,
é≠éôìá,1,,,,,,,,,,0,,,,,,,,,,0,,,,1,,,,,2,,,,,,,1,,,,,,10,2,,1,1,,,,0,,,2,1,2,,,,4,0,,,3,0,,,6,1,,4,,,,0,9,,3,,,,0,,,,1,,,3,,0,2,,,2,0,,,1,0,0,1,,,3,1,0,9,1,9,1,1,,0,,2,0,,4,2,1,,,13,3,3,4,6,2,7,,,,3,,2,,,0,0,1,2,0,,,,13,,49,5,,4,3,4,1,4,1,1,0,,4,2,1,0,,,,2,,,,576,61,42,8,28,1,0,30,18,1,,,2,152,106,1,2,29,3,2,1,146,57,19,6,1,Å|,Å|,Å|,Å|,Å|,Å|,0,,,
êÏñkéFÅEã¯ñÿñÏ,,,,,,,,,,,,,,,,,,,,,,,,,,,,,,3,,,,,,,,,,,,,,,,,,,,,,,,,,,,,,1,,,,,1,,,7,0,,1,,4,,,,,,,,,,0,,,,,,,,,,,,,,,,,2,,,,,3,0,0,2,,4,,0,,,,2,,,1,5,,,,6,6,4,1,8,0,3,,,,1,,1,,,,,,,,,,,2,,5,,,1,5,0,0,2,,1,,,0,,,,,,,,,,,119,13,13,4,10,1,,4,,,,,,65,33,,,1,,,,2,0,1,0,,Å|,Å|,Å|,Å|,Å|,Å|,,,,
ëÂåG,,,,,,,,,,,,,,,,,,,,,,,,,,,,,,,,,,,,,,,,,,,,,,,1,,,,,,,,,,,,,,,,1,,,,,0,,,1,,,,,,,,,,,,,,,,,,,,,,,,,,,,,,,,,,,,,0,1,,0,,,,,,,,1,,,,,1,,,,,,,,,,,,,,,1,0,,0,,,,,1,,2,1,,0,,,1,,,,,,,,,,0,,,,,,,11,3,2,,1,,,,1,,,,,1,2,,,4,,1,1,,,0,,,Å|,Å|,Å|,Å|,Å|,Å|,,,,
ëÂìá,,,,,,,,,,,,,,,,,,,,,,,,,,,,,,,,,,,,,,,,,,,,,,,,,,,,,,,,,,,,,,,,,,,,,0,,,,,,,,,,,,,,,,,,,,,,,,,,,,,,,,,,,,,,,1,,0,,,,,,,,,1,,,,,0,,,,,,,,,,,,,0,,,,,,,,,,,,,,,1,,,,,,,,,,,,,,,,,,,,3,,2,,,,,,1,,,,,2,1,,,,,,,,1,,,,Å|,Å|,Å|,Å|,Å|,Å|,,,,
ìÏéF,,,,,,,,,,,,,,,,,,,,,,,,,,,,,,,,,,,,,,,,,,,,,,,,,,,,,,,,,,,,,,,,,,,,,,,,,,,,,,,,,,,,,,,,,,,,,,,,,,,,,,,,,,,1,,1,,,,,,,,,,1,,0,,,7,0,,1,,,,,,,1,,1,,,,,,,,,,,,,1,1,,1,,,,1,,,,,1,2,,,,,,,,,,17,3,1,1,,,,0,0,,,,,4,2,,,2,,,,0,,1,,,Å|,Å|,Å|,Å|,Å|,Å|,,,,
åFñ—,,,,,,,,,,,,,,,,,,,,,,,,,,,,,,,,,,,,,,,,,,,,,,,,,,,,,,,,,,,,,,,,,,,,,,,,,,,,,,,,,,,,,,,,,,,,,,,,,,,,,,,,,,,,0,,0,,,,,,,,,,,,,,0,,,,,,,,,,,,,,,,,,,,,,,,,1,,,,,0,,,,,,,,,,,,,,,,,,3,1,,,,,,,0,,,,,2,1,,,0,,,,3,2,,,,Å|,Å|,Å|,Å|,Å|,Å|,,,,
ìÏïî,0,,,,,,,,,,,,,,,,,,,,,,,,1,,,,,2,,0,0,,,,0,,,,2,,,0,,1,2,,,,15,,,,,4,,,,4,,,,1,,0,0,0,3,,3,,1,,3,,,,,,,1,,,,0,,,,,,2,,,6,,,,,0,,,1,,1,1,2,0,,,,,,,,0,1,,6,1,0,,,7,,,3,1,,,,,,0,,,0,,,,,0,,,,,2,1,3,,,0,1,2,,1,,0,,1,0,,,0,,,,,,,,1,2,2,,4,,0,2,,,,,,2,,,,2,1,,,0,,,,,0,,,,,,Å|,Å|,Å|,Å|
íÜïî,,,,,,,,,,,,,,,,,,,,,,,,,,,,,,,,,,,,,,,,,,,,,,,1,,,,,,,,,,,,,,,,,,,,,,,,,,,,,,,,,,,,,,,,,,,,,,,,,,,,,,,,,,,,,,,,,,,,,0,,,1,,,,,1,,,,,,,,,,,,,,,,,,,,,,,,,2,,,,,,0,,,,,,,,,,,,,,,,,,1,,,0,,,0,,,,,,0,,,,,,,,,,,,,,,,,,,Å|,Å|,Å|,Å|
ñkïî,,,,,,,,,,,,,,,,,,,,,,,,,,,,,,,,,,,,,,,,,,0,,,,,,,,,,,,,,,,,,,,,,,,,,,,,,,,,,,,,,,,,,,,,0,,,,,,,,,,,,,,,,,,,,,,,,,,,,,1,,,,,,,,,,,,,,,,,,,,,,,0,,,,,,,,,,,,,,,,,,,,,,,,,,,,,,,,,,2,0,,,,,,,,,,,0,,,,0,,,,,,,,,,,,,,,Å|,Å|,Å|,Å|
ã{å√ÅEî™èdéR,,,,,,,,,,,,,,,,,,,,,,,,,,,,,,,,,,,,,,,,,,,,,,,0,,,,,,,,,,,,,,,,,,,,,,,,,,,,1,,,,,,,,,,,2,,,2,,,,,,,,,,,,,,,,1,,,,,,,,,,,,,,,,,,,,,,,,,,,,,,,,0,,,,,,,,,,,,,,,,,,,0,,,,,,,1,,,,,,,,,1,,,,,,,,,,,,,,,,,,,,,,,,,,,,,,,,Å|,Å|,Å|,Å|
